Parameter,Value
network_capacity_type,MEDIUM
LINK_LENGTH_METERS,25.0
relay_connectivity_config,MINIMAL
ew_location,"(1050.0, 0.0)"
ew_strength_factor,100000.0
BANDWIDTH_MHZ_RANGE,"(400, 1200)"
EW_JAMMER_BW_AREA_SELECTION,random
start_point,"(0.0, 0.0)"
end_point,"(1000.0, 0.0)"
step_size_m,10.0
max_steps,200
logging_enabled,True
csv_output_enabled,True
csv_filename,swarm_simulation_log_v3.csv
EW_JAMMER_ACTUAL_BW_AREA,4

step,leader_pos_x,leader_pos_y,connected_drones_count,edge_u,edge_v,is_active,current_capacity,required_safety_capacity,bw_area,is_ew_susceptible,ew_effect
1,10.0,0.0,10,M1,R1,True,1000000.0,1000000.0,1,False,0.0
1,10.0,0.0,10,M1,R2,True,1000000.0,1000000.0,2,False,0.0
1,10.0,0.0,10,M1,R3,False,908540.8909274684,1000000.0,4,True,0.09145910907253149
1,10.0,0.0,10,M1,R4,True,1000000.0,1000000.0,3,False,0.0
1,10.0,0.0,10,R1,S1,True,1000000.0,500000.0,2,False,0.0
1,10.0,0.0,10,R1,S2,True,1000000.0,500000.0,3,False,0.0
1,10.0,0.0,10,R2,S3,True,1000000.0,500000.0,1,False,0.0
1,10.0,0.0,10,R2,S4,True,903509.553982757,500000.0,4,True,0.09649044601724299
1,10.0,0.0,10,R3,A1,True,1000000.0,500000.0,2,False,0.0
1,10.0,0.0,10,R3,A2,True,1000000.0,500000.0,3,False,0.0
1,10.0,0.0,10,R4,A3,True,1000000.0,500000.0,1,False,0.0
1,10.0,0.0,10,R4,A4,True,911456.8201988451,500000.0,4,True,0.08854317980115485
2,20.0,0.0,10,M1,R1,True,1000000.0,1000000.0,1,False,0.0
2,20.0,0.0,10,M1,R2,True,1000000.0,1000000.0,2,False,0.0
2,20.0,0.0,10,M1,R3,False,886239.0690979791,1000000.0,4,True,0.11376093090202094
2,20.0,0.0,10,M1,R4,True,1000000.0,1000000.0,3,False,0.0
2,20.0,0.0,10,R1,S1,True,1000000.0,500000.0,2,False,0.0
2,20.0,0.0,10,R1,S2,True,1000000.0,500000.0,3,False,0.0
2,20.0,0.0,10,R2,S3,True,1000000.0,500000.0,1,False,0.0
2,20.0,0.0,10,R2,S4,True,901586.3541281049,500000.0,4,True,0.09841364587189522
2,20.0,0.0,10,R3,A1,True,1000000.0,500000.0,2,False,0.0
2,20.0,0.0,10,R3,A2,True,1000000.0,500000.0,3,False,0.0
2,20.0,0.0,10,R4,A3,True,1000000.0,500000.0,1,False,0.0
2,20.0,0.0,10,R4,A4,True,909767.264989733,500000.0,4,True,0.090232735010267
3,30.0,0.0,10,M1,R1,True,1000000.0,1000000.0,1,False,0.0
3,30.0,0.0,10,M1,R2,True,1000000.0,1000000.0,2,False,0.0
3,30.0,0.0,10,M1,R3,False,856906.949209787,1000000.0,4,True,0.14309305079021306
3,30.0,0.0,10,M1,R4,True,1000000.0,1000000.0,3,False,0.0
3,30.0,0.0,10,R1,S1,True,1000000.0,500000.0,2,False,0.0
3,30.0,0.0,10,R1,S2,True,1000000.0,500000.0,3,False,0.0
3,30.0,0.0,10,R2,S3,True,1000000.0,500000.0,1,False,0.0
3,30.0,0.0,10,R2,S4,True,899605.0929444883,500000.0,4,True,0.1003949070555117
3,30.0,0.0,10,R3,A1,True,1000000.0,500000.0,2,False,0.0
3,30.0,0.0,10,R3,A2,True,1000000.0,500000.0,3,False,0.0
3,30.0,0.0,10,R4,A3,True,1000000.0,500000.0,1,False,0.0
3,30.0,0.0,10,R4,A4,True,908028.896750578,500000.0,4,True,0.09197110324942204
4,40.0,0.0,10,M1,R1,True,1000000.0,1000000.0,1,False,0.0
4,40.0,0.0,10,M1,R2,True,1000000.0,1000000.0,2,False,0.0
4,40.0,0.0,10,M1,R3,False,823544.6261066558,1000000.0,4,True,0.1764553738933442
4,40.0,0.0,10,M1,R4,True,1000000.0,1000000.0,3,False,0.0
4,40.0,0.0,10,R1,S1,True,1000000.0,500000.0,2,False,0.0
4,40.0,0.0,10,R1,S2,True,1000000.0,500000.0,3,False,0.0
4,40.0,0.0,10,R2,S3,True,1000000.0,500000.0,1,False,0.0
4,40.0,0.0,10,R2,S4,True,897563.4101724392,500000.0,4,True,0.10243658982756092
4,40.0,0.0,10,R3,A1,True,1000000.0,500000.0,2,False,0.0
4,40.0,0.0,10,R3,A2,True,1000000.0,500000.0,3,False,0.0
4,40.0,0.0,10,R4,A3,True,1000000.0,500000.0,1,False,0.0
4,40.0,0.0,10,R4,A4,True,906239.8173346511,500000.0,4,True,0.09376018266534897
5,50.0,0.0,10,M1,R1,True,1000000.0,1000000.0,1,False,0.0
5,50.0,0.0,10,M1,R2,True,1000000.0,1000000.0,2,False,0.0
5,50.0,0.0,10,M1,R3,False,787627.7845508313,1000000.0,4,True,0.21237221544916868
5,50.0,0.0,10,M1,R4,True,1000000.0,1000000.0,3,False,0.0
5,50.0,0.0,10,R1,S1,True,1000000.0,500000.0,2,False,0.0
5,50.0,0.0,10,R1,S2,True,1000000.0,500000.0,3,False,0.0
5,50.0,0.0,10,R2,S3,True,1000000.0,500000.0,1,False,0.0
5,50.0,0.0,10,R2,S4,True,895458.824421563,500000.0,4,True,0.10454117557843703
5,50.0,0.0,10,R3,A1,True,1000000.0,500000.0,2,False,0.0
5,50.0,0.0,10,R3,A2,True,1000000.0,500000.0,3,False,0.0
5,50.0,0.0,10,R4,A3,True,1000000.0,500000.0,1,False,0.0
5,50.0,0.0,10,R4,A4,True,904398.0354493984,500000.0,4,True,0.09560196455060158
6,60.0,0.0,10,M1,R1,True,1000000.0,1000000.0,1,False,0.0
6,60.0,0.0,10,M1,R2,True,1000000.0,1000000.0,2,False,0.0
6,60.0,0.0,10,M1,R3,False,749883.1488813857,1000000.0,4,True,0.25011685111861426
6,60.0,0.0,10,M1,R4,True,1000000.0,1000000.0,3,False,0.0
6,60.0,0.0,10,R1,S1,True,1000000.0,500000.0,2,False,0.0
6,60.0,0.0,10,R1,S2,True,1000000.0,500000.0,3,False,0.0
6,60.0,0.0,10,R2,S3,True,1000000.0,500000.0,1,False,0.0
6,60.0,0.0,10,R2,S4,True,893288.725635496,500000.0,4,True,0.10671127436450399
6,60.0,0.0,10,R3,A1,True,1000000.0,500000.0,2,False,0.0
6,60.0,0.0,10,R3,A2,True,1000000.0,500000.0,3,False,0.0
6,60.0,0.0,10,R4,A3,True,1000000.0,500000.0,1,False,0.0
6,60.0,0.0,10,R4,A4,True,902501.4611185278,500000.0,4,True,0.09749853888147215
7,70.0,0.0,10,M1,R1,True,1000000.0,1000000.0,1,False,0.0
7,70.0,0.0,10,M1,R2,True,1000000.0,1000000.0,2,False,0.0
7,70.0,0.0,10,M1,R3,False,710687.9237467091,1000000.0,4,True,0.2893120762532909
7,70.0,0.0,10,M1,R4,True,1000000.0,1000000.0,3,False,0.0
7,70.0,0.0,10,R1,S1,True,1000000.0,500000.0,2,False,0.0
7,70.0,0.0,10,R1,S2,True,1000000.0,500000.0,3,False,0.0
7,70.0,0.0,10,R2,S3,True,1000000.0,500000.0,1,False,0.0
7,70.0,0.0,10,R2,S4,True,891050.3670044515,500000.0,4,True,0.10894963299554848
7,70.0,0.0,10,R3,A1,True,1000000.0,500000.0,2,False,0.0
7,70.0,0.0,10,R3,A2,True,1000000.0,500000.0,3,False,0.0
7,70.0,0.0,10,R4,A3,True,1000000.0,500000.0,1,False,0.0
7,70.0,0.0,10,R4,A4,True,900547.8997562281,500000.0,4,True,0.09945210024377193
8,80.0,0.0,10,M1,R1,True,1000000.0,1000000.0,1,False,0.0
8,80.0,0.0,10,M1,R2,True,1000000.0,1000000.0,2,False,0.0
8,80.0,0.0,10,M1,R3,False,670248.3512928785,1000000.0,4,True,0.3297516487071215
8,80.0,0.0,10,M1,R4,True,1000000.0,1000000.0,3,False,0.0
8,80.0,0.0,10,R1,S1,True,1000000.0,500000.0,2,False,0.0
8,80.0,0.0,10,R1,S2,True,1000000.0,500000.0,3,False,0.0
8,80.0,0.0,10,R2,S3,True,1000000.0,500000.0,1,False,0.0
8,80.0,0.0,10,R2,S4,True,888740.8562786004,500000.0,4,True,0.11125914372139958
8,80.0,0.0,10,R3,A1,True,1000000.0,500000.0,2,False,0.0
8,80.0,0.0,10,R3,A2,True,1000000.0,500000.0,3,False,0.0
8,80.0,0.0,10,R4,A3,True,1000000.0,500000.0,1,False,0.0
8,80.0,0.0,10,R4,A4,True,898535.04582217,500000.0,4,True,0.10146495417782998
9,90.0,0.0,10,M1,R1,True,1000000.0,1000000.0,1,False,0.0
9,90.0,0.0,10,M1,R2,True,1000000.0,1000000.0,2,False,0.0
9,90.0,0.0,10,M1,R3,False,628681.3376743416,1000000.0,4,True,0.37131866232565836
9,90.0,0.0,10,M1,R4,True,1000000.0,1000000.0,3,False,0.0
9,90.0,0.0,10,R1,S1,True,1000000.0,500000.0,2,False,0.0
9,90.0,0.0,10,R1,S2,True,1000000.0,500000.0,3,False,0.0
9,90.0,0.0,10,R2,S3,True,1000000.0,500000.0,1,False,0.0
9,90.0,0.0,10,R2,S4,True,886357.1464310255,500000.0,4,True,0.11364285356897456
9,90.0,0.0,10,R3,A1,True,1000000.0,500000.0,2,False,0.0
9,90.0,0.0,10,R3,A2,True,1000000.0,500000.0,3,False,0.0
9,90.0,0.0,10,R4,A3,True,1000000.0,500000.0,1,False,0.0
9,90.0,0.0,10,R4,A4,True,896460.4760230591,500000.0,4,True,0.1035395239769409
10,100.0,0.0,10,M1,R1,True,1000000.0,1000000.0,1,False,0.0
10,100.0,0.0,10,M1,R2,True,1000000.0,1000000.0,2,False,0.0
10,100.0,0.0,10,M1,R3,False,586054.0120795616,1000000.0,4,True,0.41394598792043835
10,100.0,0.0,10,M1,R4,True,1000000.0,1000000.0,3,False,0.0
10,100.0,0.0,10,R1,S1,True,1000000.0,500000.0,2,False,0.0
10,100.0,0.0,10,R1,S2,True,1000000.0,500000.0,3,False,0.0
10,100.0,0.0,10,R2,S3,True,1000000.0,500000.0,1,False,0.0
10,100.0,0.0,10,R2,S4,True,883896.0256140077,500000.0,4,True,0.11610397438599226
10,100.0,0.0,10,R3,A1,True,1000000.0,500000.0,2,False,0.0
10,100.0,0.0,10,R3,A2,True,1000000.0,500000.0,3,False,0.0
10,100.0,0.0,10,R4,A3,True,1000000.0,500000.0,1,False,0.0
10,100.0,0.0,10,R4,A4,True,894321.6420233317,500000.0,4,True,0.1056783579766682
11,110.0,0.0,10,M1,R1,True,1000000.0,1000000.0,1,False,0.0
11,110.0,0.0,10,M1,R2,True,1000000.0,1000000.0,2,False,0.0
11,110.0,0.0,10,M1,R3,False,542404.120697546,1000000.0,4,True,0.45759587930245393
11,110.0,0.0,10,M1,R4,True,1000000.0,1000000.0,3,False,0.0
11,110.0,0.0,10,R1,S1,True,1000000.0,500000.0,2,False,0.0
11,110.0,0.0,10,R1,S2,True,1000000.0,500000.0,3,False,0.0
11,110.0,0.0,10,R2,S3,True,1000000.0,500000.0,1,False,0.0
11,110.0,0.0,10,R2,S4,True,881354.1063468722,500000.0,4,True,0.11864589365312787
11,110.0,0.0,10,R3,A1,True,1000000.0,500000.0,2,False,0.0
11,110.0,0.0,10,R3,A2,True,1000000.0,500000.0,3,False,0.0
11,110.0,0.0,10,R4,A3,True,1000000.0,500000.0,1,False,0.0
11,110.0,0.0,10,R4,A4,True,892115.8626240833,500000.0,4,True,0.10788413737591668
12,120.0,0.0,10,M1,R1,True,1000000.0,1000000.0,1,False,0.0
12,120.0,0.0,10,M1,R2,True,1000000.0,1000000.0,2,False,0.0
12,120.0,0.0,10,M1,R3,False,497751.15276462334,1000000.0,4,True,0.5022488472353767
12,120.0,0.0,10,M1,R4,True,1000000.0,1000000.0,3,False,0.0
12,120.0,0.0,10,R1,S1,True,1000000.0,500000.0,2,False,0.0
12,120.0,0.0,10,R1,S2,True,1000000.0,500000.0,3,False,0.0
12,120.0,0.0,10,R2,S3,True,1000000.0,500000.0,1,False,0.0
12,120.0,0.0,10,R2,S4,True,878727.8138674798,500000.0,4,True,0.12127218613252023
12,120.0,0.0,10,R3,A1,True,1000000.0,500000.0,2,False,0.0
12,120.0,0.0,10,R3,A2,True,1000000.0,500000.0,3,False,0.0
12,120.0,0.0,10,R4,A3,True,1000000.0,500000.0,1,False,0.0
12,120.0,0.0,10,R4,A4,True,889840.3153654378,500000.0,4,True,0.11015968463456223
13,130.0,0.0,10,M1,R1,True,1000000.0,1000000.0,1,False,0.0
13,130.0,0.0,10,M1,R2,True,1000000.0,1000000.0,2,False,0.0
13,130.0,0.0,10,M1,R3,False,452102.719300996,1000000.0,4,True,0.547897280699004
13,130.0,0.0,10,M1,R4,True,1000000.0,1000000.0,3,False,0.0
13,130.0,0.0,10,R1,S1,True,1000000.0,500000.0,2,False,0.0
13,130.0,0.0,10,R1,S2,True,1000000.0,500000.0,3,False,0.0
13,130.0,0.0,10,R2,S3,True,1000000.0,500000.0,1,False,0.0
13,130.0,0.0,10,R2,S4,True,876013.3735726313,500000.0,4,True,0.12398662642736873
13,130.0,0.0,10,R3,A1,True,1000000.0,500000.0,2,False,0.0
13,130.0,0.0,10,R3,A2,True,1000000.0,500000.0,3,False,0.0
13,130.0,0.0,10,R4,A3,True,1000000.0,500000.0,1,False,0.0
13,130.0,0.0,10,R4,A4,True,887492.0275032836,500000.0,4,True,0.11250797249671635
14,140.0,0.0,10,M1,R1,True,1000000.0,1000000.0,1,False,0.0
14,140.0,0.0,10,M1,R2,True,1000000.0,1000000.0,2,False,0.0
14,140.0,0.0,10,M1,R3,False,405458.3703393978,1000000.0,4,True,0.5945416296606022
14,140.0,0.0,10,M1,R4,True,1000000.0,1000000.0,3,False,0.0
14,140.0,0.0,10,R1,S1,True,1000000.0,500000.0,2,False,0.0
14,140.0,0.0,10,R1,S2,True,1000000.0,500000.0,3,False,0.0
14,140.0,0.0,10,R2,S3,True,1000000.0,500000.0,1,False,0.0
14,140.0,0.0,10,R2,S4,True,873206.7974650464,500000.0,4,True,0.12679320253495363
14,140.0,0.0,10,R3,A1,True,1000000.0,500000.0,2,False,0.0
14,140.0,0.0,10,R3,A2,True,1000000.0,500000.0,3,False,0.0
14,140.0,0.0,10,R4,A3,True,1000000.0,500000.0,1,False,0.0
14,140.0,0.0,10,R4,A4,True,885067.8663065495,500000.0,4,True,0.11493213369345048
15,150.0,0.0,10,M1,R1,True,1000000.0,1000000.0,1,False,0.0
15,150.0,0.0,10,M1,R2,True,1000000.0,1000000.0,2,False,0.0
15,150.0,0.0,10,M1,R3,False,357811.9649570601,1000000.0,4,True,0.6421880350429399
15,150.0,0.0,10,M1,R4,True,1000000.0,1000000.0,3,False,0.0
15,150.0,0.0,10,R1,S1,True,1000000.0,500000.0,2,False,0.0
15,150.0,0.0,10,R1,S2,True,1000000.0,500000.0,3,False,0.0
15,150.0,0.0,10,R2,S3,True,1000000.0,500000.0,1,False,0.0
15,150.0,0.0,10,R2,S4,True,870303.8695161256,500000.0,4,True,0.12969613048387443
15,150.0,0.0,10,R3,A1,True,1000000.0,500000.0,2,False,0.0
15,150.0,0.0,10,R3,A2,True,1000000.0,500000.0,3,False,0.0
15,150.0,0.0,10,R4,A3,True,1000000.0,500000.0,1,False,0.0
15,150.0,0.0,10,R4,A4,True,882564.5286159301,500000.0,4,True,0.11743547138406982
16,160.0,0.0,10,M1,R1,True,1000000.0,1000000.0,1,False,0.0
16,160.0,0.0,10,M1,R2,True,1000000.0,1000000.0,2,False,0.0
16,160.0,0.0,10,M1,R3,False,309153.1898625475,1000000.0,4,True,0.6908468101374525
16,160.0,0.0,10,M1,R4,True,1000000.0,1000000.0,3,False,0.0
16,160.0,0.0,10,R1,S1,True,1000000.0,500000.0,2,False,0.0
16,160.0,0.0,10,R1,S2,True,1000000.0,500000.0,3,False,0.0
16,160.0,0.0,10,R2,S3,True,1000000.0,500000.0,1,False,0.0
16,160.0,0.0,10,R2,S4,True,867300.1298442577,500000.0,4,True,0.13269987015574228
16,160.0,0.0,10,R3,A1,True,1000000.0,500000.0,2,False,0.0
16,160.0,0.0,10,R3,A2,True,1000000.0,500000.0,3,False,0.0
16,160.0,0.0,10,R4,A3,True,1000000.0,500000.0,1,False,0.0
16,160.0,0.0,10,R4,A4,True,879978.5295991304,500000.0,4,True,0.1200214704008696
17,170.0,0.0,10,M1,R1,True,1000000.0,1000000.0,1,False,0.0
17,170.0,0.0,10,M1,R2,True,1000000.0,1000000.0,2,False,0.0
17,170.0,0.0,10,M1,R3,False,259468.55881223973,1000000.0,4,True,0.7405314411877603
17,170.0,0.0,10,M1,R4,True,1000000.0,1000000.0,3,False,0.0
17,170.0,0.0,10,R1,S1,True,1000000.0,500000.0,2,False,0.0
17,170.0,0.0,10,R1,S2,True,1000000.0,500000.0,3,False,0.0
17,170.0,0.0,10,R2,S3,True,1000000.0,500000.0,1,False,0.0
17,170.0,0.0,10,R2,S4,True,864190.8575978938,500000.0,4,True,0.13580914240210623
17,170.0,0.0,10,R3,A1,True,1000000.0,500000.0,2,False,0.0
17,170.0,0.0,10,R3,A2,True,1000000.0,500000.0,3,False,0.0
17,170.0,0.0,10,R4,A3,True,1000000.0,500000.0,1,False,0.0
17,170.0,0.0,10,R4,A4,True,877306.1906312021,500000.0,4,True,0.12269380936879787
18,180.0,0.0,10,M1,R1,True,1000000.0,1000000.0,1,False,0.0
18,180.0,0.0,10,M1,R2,True,1000000.0,1000000.0,2,False,0.0
18,180.0,0.0,10,M1,R3,False,208742.0852671419,1000000.0,4,True,0.7912579147328581
18,180.0,0.0,10,M1,R4,True,1000000.0,1000000.0,3,False,0.0
18,180.0,0.0,10,R1,S1,True,1000000.0,500000.0,2,False,0.0
18,180.0,0.0,10,R1,S2,True,1000000.0,500000.0,3,False,0.0
18,180.0,0.0,10,R2,S3,True,1000000.0,500000.0,1,False,0.0
18,180.0,0.0,10,R2,S4,True,860971.0524208196,500000.0,4,True,0.13902894757918033
18,180.0,0.0,10,R3,A1,True,1000000.0,500000.0,2,False,0.0
18,180.0,0.0,10,R3,A2,True,1000000.0,500000.0,3,False,0.0
18,180.0,0.0,10,R4,A3,True,1000000.0,500000.0,1,False,0.0
18,180.0,0.0,10,R4,A4,True,874543.6262213304,500000.0,4,True,0.1254563737786696
19,190.0,0.0,10,M1,R1,True,1000000.0,1000000.0,1,False,0.0
19,190.0,0.0,10,M1,R2,True,1000000.0,1000000.0,2,False,0.0
19,190.0,0.0,10,M1,R3,False,156955.74348715102,1000000.0,4,True,0.843044256512849
19,190.0,0.0,10,M1,R4,True,1000000.0,1000000.0,3,False,0.0
19,190.0,0.0,10,R1,S1,True,1000000.0,500000.0,2,False,0.0
19,190.0,0.0,10,R1,S2,True,1000000.0,500000.0,3,False,0.0
19,190.0,0.0,10,R2,S3,True,1000000.0,500000.0,1,False,0.0
19,190.0,0.0,10,R2,S4,True,857635.4143638599,500000.0,4,True,0.14236458563614007
19,190.0,0.0,10,R3,A1,True,1000000.0,500000.0,2,False,0.0
19,190.0,0.0,10,R3,A2,True,1000000.0,500000.0,3,False,0.0
19,190.0,0.0,10,R4,A3,True,1000000.0,500000.0,1,False,0.0
19,190.0,0.0,10,R4,A4,True,871686.7298993823,500000.0,4,True,0.12831327010061763
20,200.0,0.0,10,M1,R1,True,1000000.0,1000000.0,1,False,0.0
20,200.0,0.0,10,M1,R2,True,1000000.0,1000000.0,2,False,0.0
20,200.0,0.0,10,M1,R3,False,104089.78911161271,1000000.0,4,True,0.8959102108883873
20,200.0,0.0,10,M1,R4,True,1000000.0,1000000.0,3,False,0.0
20,200.0,0.0,10,R1,S1,True,1000000.0,500000.0,2,False,0.0
20,200.0,0.0,10,R1,S2,True,1000000.0,500000.0,3,False,0.0
20,200.0,0.0,10,R2,S3,True,1000000.0,500000.0,1,False,0.0
20,200.0,0.0,10,R2,S4,True,854178.3220924467,500000.0,4,True,0.1458216779075533
20,200.0,0.0,10,R3,A1,True,1000000.0,500000.0,2,False,0.0
20,200.0,0.0,10,R3,A2,True,1000000.0,500000.0,3,False,0.0
20,200.0,0.0,10,R4,A3,True,1000000.0,500000.0,1,False,0.0
20,200.0,0.0,10,R4,A4,True,868731.1589665706,500000.0,4,True,0.13126884103342937
21,210.0,0.0,10,M1,R1,True,1000000.0,1000000.0,1,False,0.0
21,210.0,0.0,10,M1,R2,True,1000000.0,1000000.0,2,False,0.0
21,210.0,0.0,10,M1,R3,False,50122.98422583594,1000000.0,4,True,0.9498770157741641
21,210.0,0.0,10,M1,R4,True,1000000.0,1000000.0,3,False,0.0
21,210.0,0.0,10,R1,S1,True,1000000.0,500000.0,2,False,0.0
21,210.0,0.0,10,R1,S2,True,1000000.0,500000.0,3,False,0.0
21,210.0,0.0,10,R2,S3,True,1000000.0,500000.0,1,False,0.0
21,210.0,0.0,10,R2,S4,True,850593.8092228789,500000.0,4,True,0.14940619077712114
21,210.0,0.0,10,R3,A1,True,1000000.0,500000.0,2,False,0.0
21,210.0,0.0,10,R3,A2,True,1000000.0,500000.0,3,False,0.0
21,210.0,0.0,10,R4,A3,True,1000000.0,500000.0,1,False,0.0
21,210.0,0.0,10,R4,A4,True,865672.3180045747,500000.0,4,True,0.1343276819954252
22,220.0,0.0,10,M1,R1,True,1000000.0,1000000.0,1,False,0.0
22,220.0,0.0,10,M1,R2,True,1000000.0,1000000.0,2,False,0.0
22,220.0,0.0,10,M1,R3,False,0.0,1000000.0,4,True,1.0
22,220.0,0.0,10,M1,R4,True,1000000.0,1000000.0,3,False,0.0
22,220.0,0.0,10,R1,S1,True,1000000.0,500000.0,2,False,0.0
22,220.0,0.0,10,R1,S2,True,1000000.0,500000.0,3,False,0.0
22,220.0,0.0,10,R2,S3,True,1000000.0,500000.0,1,False,0.0
22,220.0,0.0,10,R2,S4,True,846875.5386014242,500000.0,4,True,0.15312446139857586
22,220.0,0.0,10,R3,A1,True,1000000.0,500000.0,2,False,0.0
22,220.0,0.0,10,R3,A2,True,1000000.0,500000.0,3,False,0.0
22,220.0,0.0,10,R4,A3,True,1000000.0,500000.0,1,False,0.0
22,220.0,0.0,10,R4,A4,True,862505.3410262855,500000.0,4,True,0.13749465897371446
23,230.0,0.0,10,M1,R1,True,1000000.0,1000000.0,1,False,0.0
23,230.0,0.0,10,M1,R2,True,1000000.0,1000000.0,2,False,0.0
23,230.0,0.0,10,M1,R3,False,0.0,1000000.0,4,True,1.0
23,230.0,0.0,10,M1,R4,True,1000000.0,1000000.0,3,False,0.0
23,230.0,0.0,10,R1,S1,True,1000000.0,500000.0,2,False,0.0
23,230.0,0.0,10,R1,S2,True,1000000.0,500000.0,3,False,0.0
23,230.0,0.0,10,R2,S3,True,1000000.0,500000.0,1,False,0.0
23,230.0,0.0,10,R2,S4,True,843016.7743194008,500000.0,4,True,0.15698322568059914
23,230.0,0.0,10,R3,A1,True,1000000.0,500000.0,2,False,0.0
23,230.0,0.0,10,R3,A2,True,1000000.0,500000.0,3,False,0.0
23,230.0,0.0,10,R4,A3,True,1000000.0,500000.0,1,False,0.0
23,230.0,0.0,10,R4,A4,True,859225.0721388217,500000.0,4,True,0.14077492786117835
24,240.0,0.0,10,M1,R1,True,1000000.0,1000000.0,1,False,0.0
24,240.0,0.0,10,M1,R2,True,1000000.0,1000000.0,2,False,0.0
24,240.0,0.0,10,M1,R3,False,0.0,1000000.0,4,True,1.0
24,240.0,0.0,10,M1,R4,True,1000000.0,1000000.0,3,False,0.0
24,240.0,0.0,10,R1,S1,True,1000000.0,500000.0,2,False,0.0
24,240.0,0.0,10,R1,S2,True,1000000.0,500000.0,3,False,0.0
24,240.0,0.0,10,R2,S3,True,1000000.0,500000.0,1,False,0.0
24,240.0,0.0,10,R2,S4,True,839010.3512336883,500000.0,4,True,0.16098964876631172
24,240.0,0.0,10,R3,A1,True,1000000.0,500000.0,2,False,0.0
24,240.0,0.0,10,R3,A2,True,1000000.0,500000.0,3,False,0.0
24,240.0,0.0,10,R4,A3,True,1000000.0,500000.0,1,False,0.0
24,240.0,0.0,10,R4,A4,True,855826.0445754534,500000.0,4,True,0.14417395542454658
25,250.0,0.0,10,M1,R1,True,1000000.0,1000000.0,1,False,0.0
25,250.0,0.0,10,M1,R2,True,1000000.0,1000000.0,2,False,0.0
25,250.0,0.0,10,M1,R3,False,0.0,1000000.0,4,True,1.0
25,250.0,0.0,10,M1,R4,True,1000000.0,1000000.0,3,False,0.0
25,250.0,0.0,10,R1,S1,True,1000000.0,500000.0,2,False,0.0
25,250.0,0.0,10,R1,S2,True,1000000.0,500000.0,3,False,0.0
25,250.0,0.0,10,R2,S3,True,1000000.0,500000.0,1,False,0.0
25,250.0,0.0,10,R2,S4,True,834848.6417353698,500000.0,4,True,0.16515135826463018
25,250.0,0.0,10,R3,A1,True,1000000.0,500000.0,2,False,0.0
25,250.0,0.0,10,R3,A2,True,1000000.0,500000.0,3,False,0.0
25,250.0,0.0,10,R4,A3,True,1000000.0,500000.0,1,False,0.0
25,250.0,0.0,10,R4,A4,True,852302.4579373401,500000.0,4,True,0.1476975420626598
26,260.0,0.0,10,M1,R1,True,1000000.0,1000000.0,1,False,0.0
26,260.0,0.0,10,M1,R2,True,1000000.0,1000000.0,2,False,0.0
26,260.0,0.0,10,M1,R3,False,0.0,1000000.0,4,True,1.0
26,260.0,0.0,10,M1,R4,True,1000000.0,1000000.0,3,False,0.0
26,260.0,0.0,10,R1,S1,True,1000000.0,500000.0,2,False,0.0
26,260.0,0.0,10,R1,S2,True,1000000.0,500000.0,3,False,0.0
26,260.0,0.0,10,R2,S3,True,1000000.0,500000.0,1,False,0.0
26,260.0,0.0,10,R2,S4,True,830523.5194789876,500000.0,4,True,0.16947648052101247
26,260.0,0.0,10,R3,A1,True,1000000.0,500000.0,2,False,0.0
26,260.0,0.0,10,R3,A2,True,1000000.0,500000.0,3,False,0.0
26,260.0,0.0,10,R4,A3,True,1000000.0,500000.0,1,False,0.0
26,260.0,0.0,10,R4,A4,True,848648.1534683246,500000.0,4,True,0.15135184653167547
27,270.0,0.0,10,M1,R1,True,1000000.0,1000000.0,1,False,0.0
27,270.0,0.0,10,M1,R2,True,1000000.0,1000000.0,2,False,0.0
27,270.0,0.0,10,M1,R3,False,0.0,1000000.0,4,True,1.0
27,270.0,0.0,10,M1,R4,True,1000000.0,1000000.0,3,False,0.0
27,270.0,0.0,10,R1,S1,True,1000000.0,500000.0,2,False,0.0
27,270.0,0.0,10,R1,S2,True,1000000.0,500000.0,3,False,0.0
27,270.0,0.0,10,R2,S3,True,1000000.0,500000.0,1,False,0.0
27,270.0,0.0,10,R2,S4,True,826026.3197506567,500000.0,4,True,0.17397368024934326
27,270.0,0.0,10,R3,A1,True,1000000.0,500000.0,2,False,0.0
27,270.0,0.0,10,R3,A2,True,1000000.0,500000.0,3,False,0.0
27,270.0,0.0,10,R4,A3,True,1000000.0,500000.0,1,False,0.0
27,270.0,0.0,10,R4,A4,True,844856.5871661536,500000.0,4,True,0.15514341283384633
28,280.0,0.0,10,M1,R1,True,1000000.0,1000000.0,1,False,0.0
28,280.0,0.0,10,M1,R2,True,1000000.0,1000000.0,2,False,0.0
28,280.0,0.0,10,M1,R3,False,0.0,1000000.0,4,True,1.0
28,280.0,0.0,10,M1,R4,True,1000000.0,1000000.0,3,False,0.0
28,280.0,0.0,10,R1,S1,True,1000000.0,500000.0,2,False,0.0
28,280.0,0.0,10,R1,S2,True,1000000.0,500000.0,3,False,0.0
28,280.0,0.0,10,R2,S3,True,1000000.0,500000.0,1,False,0.0
28,280.0,0.0,10,R2,S4,True,821347.7961144749,500000.0,4,True,0.1786522038855251
28,280.0,0.0,10,R3,A1,True,1000000.0,500000.0,2,False,0.0
28,280.0,0.0,10,R3,A2,True,1000000.0,500000.0,3,False,0.0
28,280.0,0.0,10,R4,A3,True,1000000.0,500000.0,1,False,0.0
28,280.0,0.0,10,R4,A4,True,840920.8005111165,500000.0,4,True,0.1590791994888835
29,290.0,0.0,10,M1,R1,True,1000000.0,1000000.0,1,False,0.0
29,290.0,0.0,10,M1,R2,True,1000000.0,1000000.0,2,False,0.0
29,290.0,0.0,10,M1,R3,False,0.0,1000000.0,4,True,1.0
29,290.0,0.0,10,M1,R4,True,1000000.0,1000000.0,3,False,0.0
29,290.0,0.0,10,R1,S1,True,1000000.0,500000.0,2,False,0.0
29,290.0,0.0,10,R1,S2,True,1000000.0,500000.0,3,False,0.0
29,290.0,0.0,10,R2,S3,True,1000000.0,500000.0,1,False,0.0
29,290.0,0.0,10,R2,S4,True,816478.072932579,500000.0,4,True,0.18352192706742101
29,290.0,0.0,10,R3,A1,True,1000000.0,500000.0,2,False,0.0
29,290.0,0.0,10,R3,A2,True,1000000.0,500000.0,3,False,0.0
29,290.0,0.0,10,R4,A3,True,1000000.0,500000.0,1,False,0.0
29,290.0,0.0,10,R4,A4,True,836833.3885678363,500000.0,4,True,0.1631666114321637
30,300.0,0.0,10,M1,R1,True,1000000.0,1000000.0,1,False,0.0
30,300.0,0.0,10,M1,R2,True,1000000.0,1000000.0,2,False,0.0
30,300.0,0.0,10,M1,R3,False,0.0,1000000.0,4,True,1.0
30,300.0,0.0,10,M1,R4,True,1000000.0,1000000.0,3,False,0.0
30,300.0,0.0,10,R1,S1,True,1000000.0,500000.0,2,False,0.0
30,300.0,0.0,10,R1,S2,True,1000000.0,500000.0,3,False,0.0
30,300.0,0.0,10,R2,S3,True,1000000.0,500000.0,1,False,0.0
30,300.0,0.0,10,R2,S4,True,811406.5933040531,500000.0,4,True,0.18859340669594687
30,300.0,0.0,10,R3,A1,True,1000000.0,500000.0,2,False,0.0
30,300.0,0.0,10,R3,A2,True,1000000.0,500000.0,3,False,0.0
30,300.0,0.0,10,R4,A3,True,1000000.0,500000.0,1,False,0.0
30,300.0,0.0,10,R4,A4,True,832586.465187431,500000.0,4,True,0.16741353481256901
31,310.0,0.0,10,M1,R1,True,1000000.0,1000000.0,1,False,0.0
31,310.0,0.0,10,M1,R2,True,1000000.0,1000000.0,2,False,0.0
31,310.0,0.0,10,M1,R3,False,0.0,1000000.0,4,True,1.0
31,310.0,0.0,10,M1,R4,True,1000000.0,1000000.0,3,False,0.0
31,310.0,0.0,10,R1,S1,True,1000000.0,500000.0,2,False,0.0
31,310.0,0.0,10,R1,S2,True,1000000.0,500000.0,3,False,0.0
31,310.0,0.0,10,R2,S3,True,1000000.0,500000.0,1,False,0.0
31,310.0,0.0,10,R2,S4,True,806122.0619107372,500000.0,4,True,0.1938779380892628
31,310.0,0.0,10,R3,A1,True,1000000.0,500000.0,2,False,0.0
31,310.0,0.0,10,R3,A2,True,1000000.0,500000.0,3,False,0.0
31,310.0,0.0,10,R4,A3,True,1000000.0,500000.0,1,False,0.0
31,310.0,0.0,10,R4,A4,True,828171.6250049848,500000.0,4,True,0.17182837499501527
32,320.0,0.0,10,M1,R1,True,1000000.0,1000000.0,1,False,0.0
32,320.0,0.0,10,M1,R2,True,1000000.0,1000000.0,2,False,0.0
32,320.0,0.0,10,M1,R3,False,0.0,1000000.0,4,True,1.0
32,320.0,0.0,10,M1,R4,True,1000000.0,1000000.0,3,False,0.0
32,320.0,0.0,10,R1,S1,True,1000000.0,500000.0,2,False,0.0
32,320.0,0.0,10,R1,S2,True,1000000.0,500000.0,3,False,0.0
32,320.0,0.0,10,R2,S3,True,1000000.0,500000.0,1,False,0.0
32,320.0,0.0,10,R2,S4,True,800612.382192752,500000.0,4,True,0.199387617807248
32,320.0,0.0,10,R3,A1,True,1000000.0,500000.0,2,False,0.0
32,320.0,0.0,10,R3,A2,True,1000000.0,500000.0,3,False,0.0
32,320.0,0.0,10,R4,A3,True,1000000.0,500000.0,1,False,0.0
32,320.0,0.0,10,R4,A4,True,823579.9018907044,500000.0,4,True,0.1764200981092956
33,330.0,0.0,10,M1,R1,True,1000000.0,1000000.0,1,False,0.0
33,330.0,0.0,10,M1,R2,True,1000000.0,1000000.0,2,False,0.0
33,330.0,0.0,10,M1,R3,False,0.0,1000000.0,4,True,1.0
33,330.0,0.0,10,M1,R4,True,1000000.0,1000000.0,3,False,0.0
33,330.0,0.0,10,R1,S1,True,1000000.0,500000.0,2,False,0.0
33,330.0,0.0,10,R1,S2,True,1000000.0,500000.0,3,False,0.0
33,330.0,0.0,10,R2,S3,True,1000000.0,500000.0,1,False,0.0
33,330.0,0.0,10,R2,S4,True,794864.587201952,500000.0,4,True,0.205135412798048
33,330.0,0.0,10,R3,A1,True,1000000.0,500000.0,2,False,0.0
33,330.0,0.0,10,R3,A2,True,1000000.0,500000.0,3,False,0.0
33,330.0,0.0,10,R4,A3,True,1000000.0,500000.0,1,False,0.0
33,330.0,0.0,10,R4,A4,True,818801.7234716304,500000.0,4,True,0.18119827652836962
34,340.0,0.0,10,M1,R1,True,1000000.0,1000000.0,1,False,0.0
34,340.0,0.0,10,M1,R2,True,1000000.0,1000000.0,2,False,0.0
34,340.0,0.0,10,M1,R3,False,0.0,1000000.0,4,True,1.0
34,340.0,0.0,10,M1,R4,True,1000000.0,1000000.0,3,False,0.0
34,340.0,0.0,10,R1,S1,True,1000000.0,500000.0,2,False,0.0
34,340.0,0.0,10,R1,S2,True,1000000.0,500000.0,3,False,0.0
34,340.0,0.0,10,R2,S3,True,1000000.0,500000.0,1,False,0.0
34,340.0,0.0,10,R2,S4,True,788864.7633960524,500000.0,4,True,0.21113523660394756
34,340.0,0.0,10,R3,A1,True,1000000.0,500000.0,2,False,0.0
34,340.0,0.0,10,R3,A2,True,1000000.0,500000.0,3,False,0.0
34,340.0,0.0,10,R4,A3,True,1000000.0,500000.0,1,False,0.0
34,340.0,0.0,10,R4,A4,True,813826.8612935946,500000.0,4,True,0.18617313870640545
35,350.0,0.0,10,M1,R1,True,1000000.0,1000000.0,1,False,0.0
35,350.0,0.0,10,M1,R2,True,1000000.0,1000000.0,2,False,0.0
35,350.0,0.0,10,M1,R3,False,0.0,1000000.0,4,True,1.0
35,350.0,0.0,10,M1,R4,True,1000000.0,1000000.0,3,False,0.0
35,350.0,0.0,10,R1,S1,True,1000000.0,500000.0,2,False,0.0
35,350.0,0.0,10,R1,S2,True,1000000.0,500000.0,3,False,0.0
35,350.0,0.0,10,R2,S3,True,1000000.0,500000.0,1,False,0.0
35,350.0,0.0,10,R2,S4,True,782597.966538084,500000.0,4,True,0.21740203346191603
35,350.0,0.0,10,R3,A1,True,1000000.0,500000.0,2,False,0.0
35,350.0,0.0,10,R3,A2,True,1000000.0,500000.0,3,False,0.0
35,350.0,0.0,10,R4,A3,True,1000000.0,500000.0,1,False,0.0
35,350.0,0.0,10,R4,A4,True,808644.3761393959,500000.0,4,True,0.19135562386060415
36,360.0,0.0,10,M1,R1,True,1000000.0,1000000.0,1,False,0.0
36,360.0,0.0,10,M1,R2,True,1000000.0,1000000.0,2,False,0.0
36,360.0,0.0,10,M1,R3,False,0.0,1000000.0,4,True,1.0
36,360.0,0.0,10,M1,R4,True,1000000.0,1000000.0,3,False,0.0
36,360.0,0.0,10,R1,S1,True,1000000.0,500000.0,2,False,0.0
36,360.0,0.0,10,R1,S2,True,1000000.0,500000.0,3,False,0.0
36,360.0,0.0,10,R2,S3,True,1000000.0,500000.0,1,False,0.0
36,360.0,0.0,10,R2,S4,True,776048.1287530235,500000.0,4,True,0.22395187124697652
36,360.0,0.0,10,R3,A1,True,1000000.0,500000.0,2,False,0.0
36,360.0,0.0,10,R3,A2,True,1000000.0,500000.0,3,False,0.0
36,360.0,0.0,10,R4,A3,True,1000000.0,500000.0,1,False,0.0
36,360.0,0.0,10,R4,A4,True,803242.5579578938,500000.0,4,True,0.1967574420421062
37,370.0,0.0,10,M1,R1,True,1000000.0,1000000.0,1,False,0.0
37,370.0,0.0,10,M1,R2,True,1000000.0,1000000.0,2,False,0.0
37,370.0,0.0,10,M1,R3,False,0.0,1000000.0,4,True,1.0
37,370.0,0.0,10,M1,R4,True,1000000.0,1000000.0,3,False,0.0
37,370.0,0.0,10,R1,S1,True,1000000.0,500000.0,2,False,0.0
37,370.0,0.0,10,R1,S2,True,1000000.0,500000.0,3,False,0.0
37,370.0,0.0,10,R2,S3,True,1000000.0,500000.0,1,False,0.0
37,370.0,0.0,10,R2,S4,True,769197.955663473,500000.0,4,True,0.23080204433652693
37,370.0,0.0,10,R3,A1,True,1000000.0,500000.0,2,False,0.0
37,370.0,0.0,10,R3,A2,True,1000000.0,500000.0,3,False,0.0
37,370.0,0.0,10,R4,A3,True,1000000.0,500000.0,1,False,0.0
37,370.0,0.0,10,R4,A4,True,797608.8597887099,500000.0,4,True,0.20239114021129018
38,380.0,0.0,10,M1,R1,True,1000000.0,1000000.0,1,False,0.0
38,380.0,0.0,10,M1,R2,True,1000000.0,1000000.0,2,False,0.0
38,380.0,0.0,10,M1,R3,False,0.0,1000000.0,4,True,1.0
38,380.0,0.0,10,M1,R4,True,1000000.0,1000000.0,3,False,0.0
38,380.0,0.0,10,R1,S1,True,1000000.0,500000.0,2,False,0.0
38,380.0,0.0,10,R1,S2,True,1000000.0,500000.0,3,False,0.0
38,380.0,0.0,10,R2,S3,True,1000000.0,500000.0,1,False,0.0
38,380.0,0.0,10,R2,S4,True,762028.8123761951,500000.0,4,True,0.2379711876238049
38,380.0,0.0,10,R3,A1,True,1000000.0,500000.0,2,False,0.0
38,380.0,0.0,10,R3,A2,True,1000000.0,500000.0,3,False,0.0
38,380.0,0.0,10,R4,A3,True,1000000.0,500000.0,1,False,0.0
38,380.0,0.0,10,R4,A4,True,791729.8249870939,500000.0,4,True,0.2082701750129061
39,390.0,0.0,10,M1,R1,True,1000000.0,1000000.0,1,False,0.0
39,390.0,0.0,10,M1,R2,True,1000000.0,1000000.0,2,False,0.0
39,390.0,0.0,10,M1,R3,False,0.0,1000000.0,4,True,1.0
39,390.0,0.0,10,M1,R4,True,1000000.0,1000000.0,3,False,0.0
39,390.0,0.0,10,R1,S1,True,1000000.0,500000.0,2,False,0.0
39,390.0,0.0,10,R1,S2,True,1000000.0,500000.0,3,False,0.0
39,390.0,0.0,10,R2,S3,True,1000000.0,500000.0,1,False,0.0
39,390.0,0.0,10,R2,S4,True,754520.5969176836,500000.0,4,True,0.24547940308231636
39,390.0,0.0,10,R3,A1,True,1000000.0,500000.0,2,False,0.0
39,390.0,0.0,10,R3,A2,True,1000000.0,500000.0,3,False,0.0
39,390.0,0.0,10,R4,A3,True,1000000.0,500000.0,1,False,0.0
39,390.0,0.0,10,R4,A4,True,785591.0069616206,500000.0,4,True,0.21440899303837935
40,400.0,0.0,10,M1,R1,True,1000000.0,1000000.0,1,False,0.0
40,400.0,0.0,10,M1,R2,True,1000000.0,1000000.0,2,False,0.0
40,400.0,0.0,10,M1,R3,False,0.0,1000000.0,4,True,1.0
40,400.0,0.0,10,M1,R4,True,1000000.0,1000000.0,3,False,0.0
40,400.0,0.0,10,R1,S1,True,1000000.0,500000.0,2,False,0.0
40,400.0,0.0,10,R1,S2,True,1000000.0,500000.0,3,False,0.0
40,400.0,0.0,10,R2,S3,True,1000000.0,500000.0,1,False,0.0
40,400.0,0.0,10,R2,S4,True,746651.5995156473,500000.0,4,True,0.25334840048435275
40,400.0,0.0,10,R3,A1,True,1000000.0,500000.0,2,False,0.0
40,400.0,0.0,10,R3,A2,True,1000000.0,500000.0,3,False,0.0
40,400.0,0.0,10,R4,A3,True,1000000.0,500000.0,1,False,0.0
40,400.0,0.0,10,R4,A4,True,779176.8805318011,500000.0,4,True,0.22082311946819888
41,410.0,0.0,10,M1,R1,True,1000000.0,1000000.0,1,False,0.0
41,410.0,0.0,10,M1,R2,True,1000000.0,1000000.0,2,False,0.0
41,410.0,0.0,10,M1,R3,False,0.0,1000000.0,4,True,1.0
41,410.0,0.0,10,M1,R4,True,1000000.0,1000000.0,3,False,0.0
41,410.0,0.0,10,R1,S1,True,1000000.0,500000.0,2,False,0.0
41,410.0,0.0,10,R1,S2,True,1000000.0,500000.0,3,False,0.0
41,410.0,0.0,10,R2,S3,True,1000000.0,500000.0,1,False,0.0
41,410.0,0.0,10,R2,S4,True,738398.3458893442,500000.0,4,True,0.2616016541106557
41,410.0,0.0,10,R3,A1,True,1000000.0,500000.0,2,False,0.0
41,410.0,0.0,10,R3,A2,True,1000000.0,500000.0,3,False,0.0
41,410.0,0.0,10,R4,A3,True,1000000.0,500000.0,1,False,0.0
41,410.0,0.0,10,R4,A4,True,772470.7438911642,500000.0,4,True,0.22752925610883581
42,420.0,0.0,10,M1,R1,True,1000000.0,1000000.0,1,False,0.0
42,420.0,0.0,10,M1,R2,True,1000000.0,1000000.0,2,False,0.0
42,420.0,0.0,10,M1,R3,False,0.0,1000000.0,4,True,1.0
42,420.0,0.0,10,M1,R4,True,1000000.0,1000000.0,3,False,0.0
42,420.0,0.0,10,R1,S1,True,1000000.0,500000.0,2,False,0.0
42,420.0,0.0,10,R1,S2,True,1000000.0,500000.0,3,False,0.0
42,420.0,0.0,10,R2,S3,True,1000000.0,500000.0,1,False,0.0
42,420.0,0.0,10,R2,S4,True,729735.422439261,500000.0,4,True,0.27026457756073896
42,420.0,0.0,10,R3,A1,True,1000000.0,500000.0,2,False,0.0
42,420.0,0.0,10,R3,A2,True,1000000.0,500000.0,3,False,0.0
42,420.0,0.0,10,R4,A3,True,1000000.0,500000.0,1,False,0.0
42,420.0,0.0,10,R4,A4,True,765454.6100211735,500000.0,4,True,0.2345453899788265
43,430.0,0.0,10,M1,R1,True,1000000.0,1000000.0,1,False,0.0
43,430.0,0.0,10,M1,R2,True,1000000.0,1000000.0,2,False,0.0
43,430.0,0.0,10,M1,R3,False,0.0,1000000.0,4,True,1.0
43,430.0,0.0,10,M1,R4,True,1000000.0,1000000.0,3,False,0.0
43,430.0,0.0,10,R1,S1,True,1000000.0,500000.0,2,False,0.0
43,430.0,0.0,10,R1,S2,True,1000000.0,500000.0,3,False,0.0
43,430.0,0.0,10,R2,S3,True,1000000.0,500000.0,1,False,0.0
43,430.0,0.0,10,R2,S4,True,720635.2809085601,500000.0,4,True,0.27936471909143995
43,430.0,0.0,10,R3,A1,True,1000000.0,500000.0,2,False,0.0
43,430.0,0.0,10,R3,A2,True,1000000.0,500000.0,3,False,0.0
43,430.0,0.0,10,R4,A3,True,1000000.0,500000.0,1,False,0.0
43,430.0,0.0,10,R4,A4,True,758109.0862393187,500000.0,4,True,0.24189091376068128
44,440.0,0.0,10,M1,R1,True,1000000.0,1000000.0,1,False,0.0
44,440.0,0.0,10,M1,R2,True,1000000.0,1000000.0,2,False,0.0
44,440.0,0.0,10,M1,R3,False,0.0,1000000.0,4,True,1.0
44,440.0,0.0,10,M1,R4,True,1000000.0,1000000.0,3,False,0.0
44,440.0,0.0,10,R1,S1,True,1000000.0,500000.0,2,False,0.0
44,440.0,0.0,10,R1,S2,True,1000000.0,500000.0,3,False,0.0
44,440.0,0.0,10,R2,S3,True,1000000.0,500000.0,1,False,0.0
44,440.0,0.0,10,R2,S4,True,711068.0197165026,500000.0,4,True,0.28893198028349726
44,440.0,0.0,10,R3,A1,True,1000000.0,500000.0,2,False,0.0
44,440.0,0.0,10,R3,A2,True,1000000.0,500000.0,3,False,0.0
44,440.0,0.0,10,R4,A3,True,1000000.0,500000.0,1,False,0.0
44,440.0,0.0,10,R4,A4,True,750413.2403770406,500000.0,4,True,0.24958675962295943
45,450.0,0.0,10,M1,R1,True,1000000.0,1000000.0,1,False,0.0
45,450.0,0.0,10,M1,R2,True,1000000.0,1000000.0,2,False,0.0
45,450.0,0.0,10,M1,R3,False,0.0,1000000.0,4,True,1.0
45,450.0,0.0,10,M1,R4,True,1000000.0,1000000.0,3,False,0.0
45,450.0,0.0,10,R1,S1,True,1000000.0,500000.0,2,False,0.0
45,450.0,0.0,10,R1,S2,True,1000000.0,500000.0,3,False,0.0
45,450.0,0.0,10,R2,S3,True,1000000.0,500000.0,1,False,0.0
45,450.0,0.0,10,R2,S4,True,701001.1387273882,500000.0,4,True,0.2989988612726118
45,450.0,0.0,10,R3,A1,True,1000000.0,500000.0,2,False,0.0
45,450.0,0.0,10,R3,A2,True,1000000.0,500000.0,3,False,0.0
45,450.0,0.0,10,R4,A3,True,1000000.0,500000.0,1,False,0.0
45,450.0,0.0,10,R4,A4,True,742344.451865294,500000.0,4,True,0.25765554813470604
46,460.0,0.0,10,M1,R1,True,1000000.0,1000000.0,1,False,0.0
46,460.0,0.0,10,M1,R2,True,1000000.0,1000000.0,2,False,0.0
46,460.0,0.0,10,M1,R3,False,0.0,1000000.0,4,True,1.0
46,460.0,0.0,10,M1,R4,True,1000000.0,1000000.0,3,False,0.0
46,460.0,0.0,10,R1,S1,True,1000000.0,500000.0,2,False,0.0
46,460.0,0.0,10,R1,S2,True,1000000.0,500000.0,3,False,0.0
46,460.0,0.0,10,R2,S3,True,1000000.0,500000.0,1,False,0.0
46,460.0,0.0,10,R2,S4,True,690399.2637049269,500000.0,4,True,0.30960073629507306
46,460.0,0.0,10,R3,A1,True,1000000.0,500000.0,2,False,0.0
46,460.0,0.0,10,R3,A2,True,1000000.0,500000.0,3,False,0.0
46,460.0,0.0,10,R4,A3,True,1000000.0,500000.0,1,False,0.0
46,460.0,0.0,10,R4,A4,True,733878.2457520947,500000.0,4,True,0.2661217542479053
47,470.0,0.0,10,M1,R1,True,1000000.0,1000000.0,1,False,0.0
47,470.0,0.0,10,M1,R2,True,1000000.0,1000000.0,2,False,0.0
47,470.0,0.0,10,M1,R3,False,0.0,1000000.0,4,True,1.0
47,470.0,0.0,10,M1,R4,True,1000000.0,1000000.0,3,False,0.0
47,470.0,0.0,10,R1,S1,True,1000000.0,500000.0,2,False,0.0
47,470.0,0.0,10,R1,S2,True,1000000.0,500000.0,3,False,0.0
47,470.0,0.0,10,R2,S3,True,1000000.0,500000.0,1,False,0.0
47,470.0,0.0,10,R2,S4,True,679223.8360962579,500000.0,4,True,0.32077616390374203
47,470.0,0.0,10,R3,A1,True,1000000.0,500000.0,2,False,0.0
47,470.0,0.0,10,R3,A2,True,1000000.0,500000.0,3,False,0.0
47,470.0,0.0,10,R4,A3,True,1000000.0,500000.0,1,False,0.0
47,470.0,0.0,10,R4,A4,True,724988.1073808324,500000.0,4,True,0.27501189261916764
48,480.0,0.0,10,M1,R1,True,1000000.0,1000000.0,1,False,0.0
48,480.0,0.0,10,M1,R2,True,1000000.0,1000000.0,2,False,0.0
48,480.0,0.0,10,M1,R3,False,0.0,1000000.0,4,True,1.0
48,480.0,0.0,10,M1,R4,True,1000000.0,1000000.0,3,False,0.0
48,480.0,0.0,10,R1,S1,True,1000000.0,500000.0,2,False,0.0
48,480.0,0.0,10,R1,S2,True,1000000.0,500000.0,3,False,0.0
48,480.0,0.0,10,R2,S3,True,1000000.0,500000.0,1,False,0.0
48,480.0,0.0,10,R2,S4,True,667432.7630734995,500000.0,4,True,0.3325672369265005
48,480.0,0.0,10,R3,A1,True,1000000.0,500000.0,2,False,0.0
48,480.0,0.0,10,R3,A2,True,1000000.0,500000.0,3,False,0.0
48,480.0,0.0,10,R4,A3,True,1000000.0,500000.0,1,False,0.0
48,480.0,0.0,10,R4,A4,True,715645.2751126512,500000.0,4,True,0.2843547248873488
49,490.0,0.0,10,M1,R1,True,1000000.0,1000000.0,1,False,0.0
49,490.0,0.0,10,M1,R2,True,1000000.0,1000000.0,2,False,0.0
49,490.0,0.0,10,M1,R3,False,0.0,1000000.0,4,True,1.0
49,490.0,0.0,10,M1,R4,True,1000000.0,1000000.0,3,False,0.0
49,490.0,0.0,10,R1,S1,True,1000000.0,500000.0,2,False,0.0
49,490.0,0.0,10,R1,S2,True,1000000.0,500000.0,3,False,0.0
49,490.0,0.0,10,R2,S3,True,1000000.0,500000.0,1,False,0.0
49,490.0,0.0,10,R2,S4,True,654980.0219112316,500000.0,4,True,0.3450199780887684
49,490.0,0.0,10,R3,A1,True,1000000.0,500000.0,2,False,0.0
49,490.0,0.0,10,R3,A2,True,1000000.0,500000.0,3,False,0.0
49,490.0,0.0,10,R4,A3,True,1000000.0,500000.0,1,False,0.0
49,490.0,0.0,10,R4,A4,True,705818.5080713724,500000.0,4,True,0.29418149192862764
50,500.0,0.0,10,M1,R1,True,1000000.0,1000000.0,1,False,0.0
50,500.0,0.0,10,M1,R2,True,1000000.0,1000000.0,2,False,0.0
50,500.0,0.0,10,M1,R3,False,0.0,1000000.0,4,True,1.0
50,500.0,0.0,10,M1,R4,True,1000000.0,1000000.0,3,False,0.0
50,500.0,0.0,10,R1,S1,True,1000000.0,500000.0,2,False,0.0
50,500.0,0.0,10,R1,S2,True,1000000.0,500000.0,3,False,0.0
50,500.0,0.0,10,R2,S3,True,1000000.0,500000.0,1,False,0.0
50,500.0,0.0,10,R2,S4,True,641815.2117678788,500000.0,4,True,0.3581847882321212
50,500.0,0.0,10,R3,A1,True,1000000.0,500000.0,2,False,0.0
50,500.0,0.0,10,R3,A2,True,1000000.0,500000.0,3,False,0.0
50,500.0,0.0,10,R4,A3,True,1000000.0,500000.0,1,False,0.0
50,500.0,0.0,10,R4,A4,True,695473.8254138564,500000.0,4,True,0.30452617458614356
51,510.0,0.0,10,M1,R1,True,1000000.0,1000000.0,1,False,0.0
51,510.0,0.0,10,M1,R2,True,1000000.0,1000000.0,2,False,0.0
51,510.0,0.0,10,M1,R3,False,0.0,1000000.0,4,True,1.0
51,510.0,0.0,10,M1,R4,True,1000000.0,1000000.0,3,False,0.0
51,510.0,0.0,10,R1,S1,True,1000000.0,500000.0,2,False,0.0
51,510.0,0.0,10,R1,S2,True,1000000.0,500000.0,3,False,0.0
51,510.0,0.0,10,R2,S3,True,1000000.0,500000.0,1,False,0.0
51,510.0,0.0,10,R2,S4,True,627883.0447334828,500000.0,4,True,0.3721169552665172
51,510.0,0.0,10,R3,A1,True,1000000.0,500000.0,2,False,0.0
51,510.0,0.0,10,R3,A2,True,1000000.0,500000.0,3,False,0.0
51,510.0,0.0,10,R4,A3,True,1000000.0,500000.0,1,False,0.0
51,510.0,0.0,10,R4,A4,True,684574.2130685584,500000.0,4,True,0.3154257869314416
52,520.0,0.0,10,M1,R1,True,1000000.0,1000000.0,1,False,0.0
52,520.0,0.0,10,M1,R2,True,1000000.0,1000000.0,2,False,0.0
52,520.0,0.0,10,M1,R3,False,0.0,1000000.0,4,True,1.0
52,520.0,0.0,10,M1,R4,True,1000000.0,1000000.0,3,False,0.0
52,520.0,0.0,10,R1,S1,True,1000000.0,500000.0,2,False,0.0
52,520.0,0.0,10,R1,S2,True,1000000.0,500000.0,3,False,0.0
52,520.0,0.0,10,R2,S3,True,1000000.0,500000.0,1,False,0.0
52,520.0,0.0,10,R2,S4,True,613122.7665636134,500000.0,4,True,0.3868772334363866
52,520.0,0.0,10,R3,A1,True,1000000.0,500000.0,2,False,0.0
52,520.0,0.0,10,R3,A2,True,1000000.0,500000.0,3,False,0.0
52,520.0,0.0,10,R4,A3,True,1000000.0,500000.0,1,False,0.0
52,520.0,0.0,10,R4,A4,True,673079.2932234708,500000.0,4,True,0.3269207067765292
53,530.0,0.0,10,M1,R1,True,1000000.0,1000000.0,1,False,0.0
53,530.0,0.0,10,M1,R2,True,1000000.0,1000000.0,2,False,0.0
53,530.0,0.0,10,M1,R3,False,0.0,1000000.0,4,True,1.0
53,530.0,0.0,10,M1,R4,True,1000000.0,1000000.0,3,False,0.0
53,530.0,0.0,10,R1,S1,True,1000000.0,500000.0,2,False,0.0
53,530.0,0.0,10,R1,S2,True,1000000.0,500000.0,3,False,0.0
53,530.0,0.0,10,R2,S3,True,1000000.0,500000.0,1,False,0.0
53,530.0,0.0,10,R2,S4,True,597467.4957868304,500000.0,4,True,0.40253250421316955
53,530.0,0.0,10,R3,A1,True,1000000.0,500000.0,2,False,0.0
53,530.0,0.0,10,R3,A2,True,1000000.0,500000.0,3,False,0.0
53,530.0,0.0,10,R4,A3,True,1000000.0,500000.0,1,False,0.0
53,530.0,0.0,10,R4,A4,True,660944.9510611543,500000.0,4,True,0.3390550489388458
54,540.0,0.0,10,M1,R1,True,1000000.0,1000000.0,1,False,0.0
54,540.0,0.0,10,M1,R2,True,1000000.0,1000000.0,2,False,0.0
54,540.0,0.0,10,M1,R3,False,0.0,1000000.0,4,True,1.0
54,540.0,0.0,10,M1,R4,True,1000000.0,1000000.0,3,False,0.0
54,540.0,0.0,10,R1,S1,True,1000000.0,500000.0,2,False,0.0
54,540.0,0.0,10,R1,S2,True,1000000.0,500000.0,3,False,0.0
54,540.0,0.0,10,R2,S3,True,1000000.0,500000.0,1,False,0.0
54,540.0,0.0,10,R2,S4,True,580843.4677860339,500000.0,4,True,0.41915653221396604
54,540.0,0.0,10,R3,A1,True,1000000.0,500000.0,2,False,0.0
54,540.0,0.0,10,R3,A2,True,1000000.0,500000.0,3,False,0.0
54,540.0,0.0,10,R4,A3,True,1000000.0,500000.0,1,False,0.0
54,540.0,0.0,10,R4,A4,True,648122.9123079384,500000.0,4,True,0.35187708769206155
55,550.0,0.0,10,M1,R1,True,1000000.0,1000000.0,1,False,0.0
55,550.0,0.0,10,M1,R2,True,1000000.0,1000000.0,2,False,0.0
55,550.0,0.0,10,M1,R3,False,0.0,1000000.0,4,True,1.0
55,550.0,0.0,10,M1,R4,True,1000000.0,1000000.0,3,False,0.0
55,550.0,0.0,10,R1,S1,True,1000000.0,500000.0,2,False,0.0
55,550.0,0.0,10,R1,S2,True,1000000.0,500000.0,3,False,0.0
55,550.0,0.0,10,R2,S3,True,1000000.0,500000.0,1,False,0.0
55,550.0,0.0,10,R2,S4,True,563169.1679306922,500000.0,4,True,0.43683083206930784
55,550.0,0.0,10,R3,A1,True,1000000.0,500000.0,2,False,0.0
55,550.0,0.0,10,R3,A2,True,1000000.0,500000.0,3,False,0.0
55,550.0,0.0,10,R4,A3,True,1000000.0,500000.0,1,False,0.0
55,550.0,0.0,10,R4,A4,True,634560.2640556986,500000.0,4,True,0.36543973594430135
56,560.0,0.0,10,M1,R1,True,1000000.0,1000000.0,1,False,0.0
56,560.0,0.0,10,M1,R2,True,1000000.0,1000000.0,2,False,0.0
56,560.0,0.0,10,M1,R3,False,0.0,1000000.0,4,True,1.0
56,560.0,0.0,10,M1,R4,True,1000000.0,1000000.0,3,False,0.0
56,560.0,0.0,10,R1,S1,True,1000000.0,500000.0,2,False,0.0
56,560.0,0.0,10,R1,S2,True,1000000.0,500000.0,3,False,0.0
56,560.0,0.0,10,R2,S3,True,1000000.0,500000.0,1,False,0.0
56,560.0,0.0,10,R2,S4,True,544354.3347750648,500000.0,4,True,0.4556456652249351
56,560.0,0.0,10,R3,A1,True,1000000.0,500000.0,2,False,0.0
56,560.0,0.0,10,R3,A2,True,1000000.0,500000.0,3,False,0.0
56,560.0,0.0,10,R4,A3,True,1000000.0,500000.0,1,False,0.0
56,560.0,0.0,10,R4,A4,True,620198.9099897598,500000.0,4,True,0.37980109001024026
57,570.0,0.0,10,M1,R1,True,1000000.0,1000000.0,1,False,0.0
57,570.0,0.0,10,M1,R2,True,1000000.0,1000000.0,2,False,0.0
57,570.0,0.0,10,M1,R3,False,0.0,1000000.0,4,True,1.0
57,570.0,0.0,10,M1,R4,True,1000000.0,1000000.0,3,False,0.0
57,570.0,0.0,10,R1,S1,True,1000000.0,500000.0,2,False,0.0
57,570.0,0.0,10,R1,S2,True,1000000.0,500000.0,3,False,0.0
57,570.0,0.0,10,R2,S3,True,1000000.0,500000.0,1,False,0.0
57,570.0,0.0,10,R2,S4,True,524298.8106080838,500000.0,4,True,0.4757011893919162
57,570.0,0.0,10,R3,A1,True,1000000.0,500000.0,2,False,0.0
57,570.0,0.0,10,R3,A2,True,1000000.0,500000.0,3,False,0.0
57,570.0,0.0,10,R4,A3,True,1000000.0,500000.0,1,False,0.0
57,570.0,0.0,10,R4,A4,True,604974.949568114,500000.0,4,True,0.3950250504318859
58,580.0,0.0,10,M1,R1,True,1000000.0,1000000.0,1,False,0.0
58,580.0,0.0,10,M1,R2,True,1000000.0,1000000.0,2,False,0.0
58,580.0,0.0,10,M1,R3,False,0.0,1000000.0,4,True,1.0
58,580.0,0.0,10,M1,R4,True,1000000.0,1000000.0,3,False,0.0
58,580.0,0.0,10,R1,S1,True,1000000.0,500000.0,2,False,0.0
58,580.0,0.0,10,R1,S2,True,1000000.0,500000.0,3,False,0.0
58,580.0,0.0,10,R2,S3,True,1000000.0,500000.0,1,False,0.0
58,580.0,0.0,10,R2,S4,True,502891.2120801135,500000.0,4,True,0.4971087879198866
58,580.0,0.0,10,R3,A1,True,1000000.0,500000.0,2,False,0.0
58,580.0,0.0,10,R3,A2,True,1000000.0,500000.0,3,False,0.0
58,580.0,0.0,10,R4,A3,True,1000000.0,500000.0,1,False,0.0
58,580.0,0.0,10,R4,A4,True,588817.9687866309,500000.0,4,True,0.4111820312133691
59,590.0,0.0,9,M1,R1,True,1000000.0,1000000.0,1,False,0.0
59,590.0,0.0,9,M1,R2,True,1000000.0,1000000.0,2,False,0.0
59,590.0,0.0,9,M1,R3,False,0.0,1000000.0,4,True,1.0
59,590.0,0.0,9,M1,R4,True,1000000.0,1000000.0,3,False,0.0
59,590.0,0.0,9,R1,S1,True,1000000.0,500000.0,2,False,0.0
59,590.0,0.0,9,R1,S2,True,1000000.0,500000.0,3,False,0.0
59,590.0,0.0,9,R2,S3,True,1000000.0,500000.0,1,False,0.0
59,590.0,0.0,9,R2,S4,False,480007.38803236355,500000.0,4,True,0.5199926119676365
59,590.0,0.0,9,R3,A1,True,1000000.0,500000.0,2,False,0.0
59,590.0,0.0,9,R3,A2,True,1000000.0,500000.0,3,False,0.0
59,590.0,0.0,9,R4,A3,True,1000000.0,500000.0,1,False,0.0
59,590.0,0.0,9,R4,A4,True,571650.2278589073,500000.0,4,True,0.4283497721410927
60,600.0,0.0,10,M1,R1,True,1000000.0,1000000.0,1,False,0.0
60,600.0,0.0,10,M1,R2,True,1000000.0,1000000.0,2,False,0.0
60,600.0,0.0,10,M1,R3,False,0.0,1000000.0,4,True,1.0
60,600.0,0.0,10,M1,R4,True,1000000.0,1000000.0,3,False,0.0
60,600.0,0.0,10,R1,S1,True,1000000.0,500000.0,2,False,0.0
60,600.0,0.0,10,R1,S2,True,1000000.0,500000.0,3,False,0.0
60,600.0,0.0,10,R2,S3,True,1000000.0,500000.0,1,False,0.0
60,600.0,0.0,10,R2,S4,True,645307.2705948421,500000.0,4,True,0.35469272940515784
60,600.0,0.0,10,R3,A1,True,1000000.0,500000.0,2,False,0.0
60,600.0,0.0,10,R3,A2,True,1000000.0,500000.0,3,False,0.0
60,600.0,0.0,10,R4,A3,True,1000000.0,500000.0,1,False,0.0
60,600.0,0.0,10,R4,A4,True,553385.7283460995,500000.0,4,True,0.44661427165390055
61,610.0,0.0,9,M1,R1,True,1000000.0,1000000.0,1,False,0.0
61,610.0,0.0,9,M1,R2,True,1000000.0,1000000.0,2,False,0.0
61,610.0,0.0,9,M1,R3,False,0.0,1000000.0,4,True,1.0
61,610.0,0.0,9,M1,R4,True,1000000.0,1000000.0,3,False,0.0
61,610.0,0.0,9,R1,S1,True,1000000.0,500000.0,2,False,0.0
61,610.0,0.0,9,R1,S2,True,1000000.0,500000.0,3,False,0.0
61,610.0,0.0,9,R2,S3,True,1000000.0,500000.0,1,False,0.0
61,610.0,0.0,9,R2,S4,False,429239.55031055486,500000.0,4,True,0.5707604496894452
61,610.0,0.0,9,R3,A1,True,1000000.0,500000.0,2,False,0.0
61,610.0,0.0,9,R3,A2,True,1000000.0,500000.0,3,False,0.0
61,610.0,0.0,9,R4,A3,True,1000000.0,500000.0,1,False,0.0
61,610.0,0.0,9,R4,A4,True,533929.138875849,500000.0,4,True,0.4660708611241511
62,620.0,0.0,10,M1,R1,True,1000000.0,1000000.0,1,False,0.0
62,620.0,0.0,10,M1,R2,True,1000000.0,1000000.0,2,False,0.0
62,620.0,0.0,10,M1,R3,False,0.0,1000000.0,4,True,1.0
62,620.0,0.0,10,M1,R4,True,1000000.0,1000000.0,3,False,0.0
62,620.0,0.0,10,R1,S1,True,1000000.0,500000.0,2,False,0.0
62,620.0,0.0,10,R1,S2,True,1000000.0,500000.0,3,False,0.0
62,620.0,0.0,10,R2,S3,True,1000000.0,500000.0,1,False,0.0
62,620.0,0.0,10,R2,S4,True,610252.2427046854,500000.0,4,True,0.3897477572953146
62,620.0,0.0,10,R3,A1,True,1000000.0,500000.0,2,False,0.0
62,620.0,0.0,10,R3,A2,True,1000000.0,500000.0,3,False,0.0
62,620.0,0.0,10,R4,A3,True,1000000.0,500000.0,1,False,0.0
62,620.0,0.0,10,R4,A4,True,513174.5544442483,500000.0,4,True,0.4868254455557517
63,630.0,0.0,8,M1,R1,True,1000000.0,1000000.0,1,False,0.0
63,630.0,0.0,8,M1,R2,True,1000000.0,1000000.0,2,False,0.0
63,630.0,0.0,8,M1,R3,False,0.0,1000000.0,4,True,1.0
63,630.0,0.0,8,M1,R4,True,1000000.0,1000000.0,3,False,0.0
63,630.0,0.0,8,R1,S1,True,1000000.0,500000.0,2,False,0.0
63,630.0,0.0,8,R1,S2,True,1000000.0,500000.0,3,False,0.0
63,630.0,0.0,8,R2,S3,True,1000000.0,500000.0,1,False,0.0
63,630.0,0.0,8,R2,S4,False,370670.52389254904,500000.0,4,True,0.6293294761074509
63,630.0,0.0,8,R3,A1,True,1000000.0,500000.0,2,False,0.0
63,630.0,0.0,8,R3,A2,True,1000000.0,500000.0,3,False,0.0
63,630.0,0.0,8,R4,A3,True,1000000.0,500000.0,1,False,0.0
63,630.0,0.0,8,R4,A4,False,491004.0592151312,500000.0,4,True,0.5089959407848688
64,640.0,0.0,9,M1,R1,True,1000000.0,1000000.0,1,False,0.0
64,640.0,0.0,9,M1,R2,True,1000000.0,1000000.0,2,False,0.0
64,640.0,0.0,9,M1,R3,False,0.0,1000000.0,4,True,1.0
64,640.0,0.0,9,M1,R4,True,1000000.0,1000000.0,3,False,0.0
64,640.0,0.0,9,R1,S1,True,1000000.0,500000.0,2,False,0.0
64,640.0,0.0,9,R1,S2,True,1000000.0,500000.0,3,False,0.0
64,640.0,0.0,9,R2,S3,True,1000000.0,500000.0,1,False,0.0
64,640.0,0.0,9,R2,S4,True,569741.1324666077,500000.0,4,True,0.43025886753339226
64,640.0,0.0,9,R3,A1,True,1000000.0,500000.0,2,False,0.0
64,640.0,0.0,9,R3,A2,True,1000000.0,500000.0,3,False,0.0
64,640.0,0.0,9,R4,A3,True,1000000.0,500000.0,1,False,0.0
64,640.0,0.0,9,R4,A4,False,286963.94985757145,500000.0,4,True,0.7130360501424285
65,650.0,0.0,8,M1,R1,True,1000000.0,1000000.0,1,False,0.0
65,650.0,0.0,8,M1,R2,True,1000000.0,1000000.0,2,False,0.0
65,650.0,0.0,8,M1,R3,False,0.0,1000000.0,4,True,1.0
65,650.0,0.0,8,M1,R4,True,1000000.0,1000000.0,3,False,0.0
65,650.0,0.0,8,R1,S1,True,1000000.0,500000.0,2,False,0.0
65,650.0,0.0,8,R1,S2,True,1000000.0,500000.0,3,False,0.0
65,650.0,0.0,8,R2,S3,True,1000000.0,500000.0,1,False,0.0
65,650.0,0.0,8,R2,S4,False,302619.32225623314,500000.0,4,True,0.6973806777437669
65,650.0,0.0,8,R3,A1,True,1000000.0,500000.0,2,False,0.0
65,650.0,0.0,8,R3,A2,True,1000000.0,500000.0,3,False,0.0
65,650.0,0.0,8,R4,A3,True,1000000.0,500000.0,1,False,0.0
65,650.0,0.0,8,R4,A4,False,66445.06922955862,500000.0,4,True,0.9335549307704414
66,660.0,0.0,9,M1,R1,True,1000000.0,1000000.0,1,False,0.0
66,660.0,0.0,9,M1,R2,True,1000000.0,1000000.0,2,False,0.0
66,660.0,0.0,9,M1,R3,False,0.0,1000000.0,4,True,1.0
66,660.0,0.0,9,M1,R4,True,1000000.0,1000000.0,3,False,0.0
66,660.0,0.0,9,R1,S1,True,1000000.0,500000.0,2,False,0.0
66,660.0,0.0,9,R1,S2,True,1000000.0,500000.0,3,False,0.0
66,660.0,0.0,9,R2,S3,True,1000000.0,500000.0,1,False,0.0
66,660.0,0.0,9,R2,S4,True,522582.3717491491,500000.0,4,True,0.47741762825085093
66,660.0,0.0,9,R3,A1,True,1000000.0,500000.0,2,False,0.0
66,660.0,0.0,9,R3,A2,True,1000000.0,500000.0,3,False,0.0
66,660.0,0.0,9,R4,A3,True,1000000.0,500000.0,1,False,0.0
66,660.0,0.0,9,R4,A4,False,0.0,500000.0,4,True,1.0
67,670.0,0.0,8,M1,R1,True,1000000.0,1000000.0,1,False,0.0
67,670.0,0.0,8,M1,R2,True,1000000.0,1000000.0,2,False,0.0
67,670.0,0.0,8,M1,R3,False,0.0,1000000.0,4,True,1.0
67,670.0,0.0,8,M1,R4,True,1000000.0,1000000.0,3,False,0.0
67,670.0,0.0,8,R1,S1,True,1000000.0,500000.0,2,False,0.0
67,670.0,0.0,8,R1,S2,True,1000000.0,500000.0,3,False,0.0
67,670.0,0.0,8,R2,S3,True,1000000.0,500000.0,1,False,0.0
67,670.0,0.0,8,R2,S4,False,222927.5739690385,500000.0,4,True,0.7770724260309615
67,670.0,0.0,8,R3,A1,True,1000000.0,500000.0,2,False,0.0
67,670.0,0.0,8,R3,A2,True,1000000.0,500000.0,3,False,0.0
67,670.0,0.0,8,R4,A3,True,1000000.0,500000.0,1,False,0.0
67,670.0,0.0,8,R4,A4,False,0.0,500000.0,4,True,1.0
68,680.0,0.0,8,M1,R1,True,1000000.0,1000000.0,1,False,0.0
68,680.0,0.0,8,M1,R2,True,1000000.0,1000000.0,2,False,0.0
68,680.0,0.0,8,M1,R3,False,0.0,1000000.0,4,True,1.0
68,680.0,0.0,8,M1,R4,True,1000000.0,1000000.0,3,False,0.0
68,680.0,0.0,8,R1,S1,True,1000000.0,500000.0,2,False,0.0
68,680.0,0.0,8,R1,S2,True,1000000.0,500000.0,3,False,0.0
68,680.0,0.0,8,R2,S3,True,1000000.0,500000.0,1,False,0.0
68,680.0,0.0,8,R2,S4,False,467241.1813237477,500000.0,4,True,0.5327588186762523
68,680.0,0.0,8,R3,A1,True,1000000.0,500000.0,2,False,0.0
68,680.0,0.0,8,R3,A2,True,1000000.0,500000.0,3,False,0.0
68,680.0,0.0,8,R4,A3,True,1000000.0,500000.0,1,False,0.0
68,680.0,0.0,8,R4,A4,False,0.0,500000.0,4,True,1.0
69,690.0,0.0,9,M1,R1,True,1000000.0,1000000.0,1,False,0.0
69,690.0,0.0,9,M1,R2,True,1000000.0,1000000.0,2,False,0.0
69,690.0,0.0,9,M1,R3,False,0.0,1000000.0,4,True,1.0
69,690.0,0.0,9,M1,R4,True,1000000.0,1000000.0,3,False,0.0
69,690.0,0.0,9,R1,S1,True,1000000.0,500000.0,2,False,0.0
69,690.0,0.0,9,R1,S2,True,1000000.0,500000.0,3,False,0.0
69,690.0,0.0,9,R2,S3,True,1000000.0,500000.0,1,False,0.0
69,690.0,0.0,9,R2,S4,True,624226.1394318311,500000.0,4,True,0.37577386056816897
69,690.0,0.0,9,R3,A1,True,1000000.0,500000.0,2,False,0.0
69,690.0,0.0,9,R3,A2,True,1000000.0,500000.0,3,False,0.0
69,690.0,0.0,9,R4,A3,True,1000000.0,500000.0,1,False,0.0
69,690.0,0.0,9,R4,A4,False,0.0,500000.0,4,True,1.0
70,700.0,0.0,8,M1,R1,True,1000000.0,1000000.0,1,False,0.0
70,700.0,0.0,8,M1,R2,True,1000000.0,1000000.0,2,False,0.0
70,700.0,0.0,8,M1,R3,False,0.0,1000000.0,4,True,1.0
70,700.0,0.0,8,M1,R4,True,1000000.0,1000000.0,3,False,0.0
70,700.0,0.0,8,R1,S1,True,1000000.0,500000.0,2,False,0.0
70,700.0,0.0,8,R1,S2,True,1000000.0,500000.0,3,False,0.0
70,700.0,0.0,8,R2,S3,True,1000000.0,500000.0,1,False,0.0
70,700.0,0.0,8,R2,S4,False,75185.34299035474,500000.0,4,True,0.9248146570096453
70,700.0,0.0,8,R3,A1,True,1000000.0,500000.0,2,False,0.0
70,700.0,0.0,8,R3,A2,True,1000000.0,500000.0,3,False,0.0
70,700.0,0.0,8,R4,A3,True,1000000.0,500000.0,1,False,0.0
70,700.0,0.0,8,R4,A4,False,0.0,500000.0,4,True,1.0
71,710.0,0.0,8,M1,R1,True,1000000.0,1000000.0,1,False,0.0
71,710.0,0.0,8,M1,R2,True,1000000.0,1000000.0,2,False,0.0
71,710.0,0.0,8,M1,R3,False,0.0,1000000.0,4,True,1.0
71,710.0,0.0,8,M1,R4,True,1000000.0,1000000.0,3,False,0.0
71,710.0,0.0,8,R1,S1,True,1000000.0,500000.0,2,False,0.0
71,710.0,0.0,8,R1,S2,True,1000000.0,500000.0,3,False,0.0
71,710.0,0.0,8,R2,S3,True,1000000.0,500000.0,1,False,0.0
71,710.0,0.0,8,R2,S4,False,364333.2280868601,500000.0,4,True,0.6356667719131399
71,710.0,0.0,8,R3,A1,True,1000000.0,500000.0,2,False,0.0
71,710.0,0.0,8,R3,A2,True,1000000.0,500000.0,3,False,0.0
71,710.0,0.0,8,R4,A3,True,1000000.0,500000.0,1,False,0.0
71,710.0,0.0,8,R4,A4,False,0.0,500000.0,4,True,1.0
72,720.0,0.0,9,M1,R1,True,1000000.0,1000000.0,1,False,0.0
72,720.0,0.0,9,M1,R2,True,1000000.0,1000000.0,2,False,0.0
72,720.0,0.0,9,M1,R3,False,0.0,1000000.0,4,True,1.0
72,720.0,0.0,9,M1,R4,True,1000000.0,1000000.0,3,False,0.0
72,720.0,0.0,9,R1,S1,True,1000000.0,500000.0,2,False,0.0
72,720.0,0.0,9,R1,S2,True,1000000.0,500000.0,3,False,0.0
72,720.0,0.0,9,R2,S3,True,1000000.0,500000.0,1,False,0.0
72,720.0,0.0,9,R2,S4,True,550464.8109542194,500000.0,4,True,0.4495351890457806
72,720.0,0.0,9,R3,A1,True,1000000.0,500000.0,2,False,0.0
72,720.0,0.0,9,R3,A2,True,1000000.0,500000.0,3,False,0.0
72,720.0,0.0,9,R4,A3,True,1000000.0,500000.0,1,False,0.0
72,720.0,0.0,9,R4,A4,False,0.0,500000.0,4,True,1.0
73,730.0,0.0,8,M1,R1,True,1000000.0,1000000.0,1,False,0.0
73,730.0,0.0,8,M1,R2,True,1000000.0,1000000.0,2,False,0.0
73,730.0,0.0,8,M1,R3,False,0.0,1000000.0,4,True,1.0
73,730.0,0.0,8,M1,R4,True,1000000.0,1000000.0,3,False,0.0
73,730.0,0.0,8,R1,S1,True,1000000.0,500000.0,2,False,0.0
73,730.0,0.0,8,R1,S2,True,1000000.0,500000.0,3,False,0.0
73,730.0,0.0,8,R2,S3,True,1000000.0,500000.0,1,False,0.0
73,730.0,0.0,8,R2,S4,False,0.0,500000.0,4,True,1.0
73,730.0,0.0,8,R3,A1,True,1000000.0,500000.0,2,False,0.0
73,730.0,0.0,8,R3,A2,True,1000000.0,500000.0,3,False,0.0
73,730.0,0.0,8,R4,A3,True,1000000.0,500000.0,1,False,0.0
73,730.0,0.0,8,R4,A4,False,0.0,500000.0,4,True,1.0
74,740.0,0.0,8,M1,R1,True,1000000.0,1000000.0,1,False,0.0
74,740.0,0.0,8,M1,R2,True,1000000.0,1000000.0,2,False,0.0
74,740.0,0.0,8,M1,R3,False,0.0,1000000.0,4,True,1.0
74,740.0,0.0,8,M1,R4,True,1000000.0,1000000.0,3,False,0.0
74,740.0,0.0,8,R1,S1,True,1000000.0,500000.0,2,False,0.0
74,740.0,0.0,8,R1,S2,True,1000000.0,500000.0,3,False,0.0
74,740.0,0.0,8,R2,S3,True,1000000.0,500000.0,1,False,0.0
74,740.0,0.0,8,R2,S4,False,228561.84803419633,500000.0,4,True,0.7714381519658037
74,740.0,0.0,8,R3,A1,True,1000000.0,500000.0,2,False,0.0
74,740.0,0.0,8,R3,A2,True,1000000.0,500000.0,3,False,0.0
74,740.0,0.0,8,R4,A3,True,1000000.0,500000.0,1,False,0.0
74,740.0,0.0,8,R4,A4,False,0.0,500000.0,4,True,1.0
75,750.0,0.0,8,M1,R1,True,1000000.0,1000000.0,1,False,0.0
75,750.0,0.0,8,M1,R2,True,1000000.0,1000000.0,2,False,0.0
75,750.0,0.0,8,M1,R3,False,0.0,1000000.0,4,True,1.0
75,750.0,0.0,8,M1,R4,True,1000000.0,1000000.0,3,False,0.0
75,750.0,0.0,8,R1,S1,True,1000000.0,500000.0,2,False,0.0
75,750.0,0.0,8,R1,S2,True,1000000.0,500000.0,3,False,0.0
75,750.0,0.0,8,R2,S3,True,1000000.0,500000.0,1,False,0.0
75,750.0,0.0,8,R2,S4,False,452728.27499157196,500000.0,4,True,0.547271725008428
75,750.0,0.0,8,R3,A1,True,1000000.0,500000.0,2,False,0.0
75,750.0,0.0,8,R3,A2,True,1000000.0,500000.0,3,False,0.0
75,750.0,0.0,8,R4,A3,True,1000000.0,500000.0,1,False,0.0
75,750.0,0.0,8,R4,A4,False,0.0,500000.0,4,True,1.0
76,760.0,0.0,8,M1,R1,True,1000000.0,1000000.0,1,False,0.0
76,760.0,0.0,8,M1,R2,True,1000000.0,1000000.0,2,False,0.0
76,760.0,0.0,8,M1,R3,False,0.0,1000000.0,4,True,1.0
76,760.0,0.0,8,M1,R4,True,1000000.0,1000000.0,3,False,0.0
76,760.0,0.0,8,R1,S1,True,1000000.0,500000.0,2,False,0.0
76,760.0,0.0,8,R1,S2,True,1000000.0,500000.0,3,False,0.0
76,760.0,0.0,8,R2,S3,True,1000000.0,500000.0,1,False,0.0
76,760.0,0.0,8,R2,S4,False,328549.21302881424,500000.0,4,True,0.6714507869711858
76,760.0,0.0,8,R3,A1,True,1000000.0,500000.0,2,False,0.0
76,760.0,0.0,8,R3,A2,True,1000000.0,500000.0,3,False,0.0
76,760.0,0.0,8,R4,A3,True,1000000.0,500000.0,1,False,0.0
76,760.0,0.0,8,R4,A4,False,0.0,500000.0,4,True,1.0
77,770.0,0.0,8,M1,R1,True,1000000.0,1000000.0,1,False,0.0
77,770.0,0.0,8,M1,R2,True,1000000.0,1000000.0,2,False,0.0
77,770.0,0.0,8,M1,R3,False,0.0,1000000.0,4,True,1.0
77,770.0,0.0,8,M1,R4,True,1000000.0,1000000.0,3,False,0.0
77,770.0,0.0,8,R1,S1,True,1000000.0,500000.0,2,False,0.0
77,770.0,0.0,8,R1,S2,True,1000000.0,500000.0,3,False,0.0
77,770.0,0.0,8,R2,S3,True,1000000.0,500000.0,1,False,0.0
77,770.0,0.0,8,R2,S4,False,0.0,500000.0,4,True,1.0
77,770.0,0.0,8,R3,A1,True,1000000.0,500000.0,2,False,0.0
77,770.0,0.0,8,R3,A2,True,1000000.0,500000.0,3,False,0.0
77,770.0,0.0,8,R4,A3,True,1000000.0,500000.0,1,False,0.0
77,770.0,0.0,8,R4,A4,False,0.0,500000.0,4,True,1.0
78,780.0,0.0,8,M1,R1,True,1000000.0,1000000.0,1,False,0.0
78,780.0,0.0,8,M1,R2,True,1000000.0,1000000.0,2,False,0.0
78,780.0,0.0,8,M1,R3,False,0.0,1000000.0,4,True,1.0
78,780.0,0.0,8,M1,R4,True,1000000.0,1000000.0,3,False,0.0
78,780.0,0.0,8,R1,S1,True,1000000.0,500000.0,2,False,0.0
78,780.0,0.0,8,R1,S2,True,1000000.0,500000.0,3,False,0.0
78,780.0,0.0,8,R2,S3,True,1000000.0,500000.0,1,False,0.0
78,780.0,0.0,8,R2,S4,False,0.0,500000.0,4,True,1.0
78,780.0,0.0,8,R3,A1,True,1000000.0,500000.0,2,False,0.0
78,780.0,0.0,8,R3,A2,True,1000000.0,500000.0,3,False,0.0
78,780.0,0.0,8,R4,A3,True,1000000.0,500000.0,1,False,0.0
78,780.0,0.0,8,R4,A4,False,0.0,500000.0,4,True,1.0
79,790.0,0.0,8,M1,R1,True,1000000.0,1000000.0,1,False,0.0
79,790.0,0.0,8,M1,R2,True,1000000.0,1000000.0,2,False,0.0
79,790.0,0.0,8,M1,R3,False,0.0,1000000.0,4,True,1.0
79,790.0,0.0,8,M1,R4,True,1000000.0,1000000.0,3,False,0.0
79,790.0,0.0,8,R1,S1,True,1000000.0,500000.0,2,False,0.0
79,790.0,0.0,8,R1,S2,True,1000000.0,500000.0,3,False,0.0
79,790.0,0.0,8,R2,S3,True,1000000.0,500000.0,1,False,0.0
79,790.0,0.0,8,R2,S4,False,0.0,500000.0,4,True,1.0
79,790.0,0.0,8,R3,A1,True,1000000.0,500000.0,2,False,0.0
79,790.0,0.0,8,R3,A2,True,1000000.0,500000.0,3,False,0.0
79,790.0,0.0,8,R4,A3,True,1000000.0,500000.0,1,False,0.0
79,790.0,0.0,8,R4,A4,False,0.0,500000.0,4,True,1.0
80,800.0,0.0,8,M1,R1,True,1000000.0,1000000.0,1,False,0.0
80,800.0,0.0,8,M1,R2,True,1000000.0,1000000.0,2,False,0.0
80,800.0,0.0,8,M1,R3,False,0.0,1000000.0,4,True,1.0
80,800.0,0.0,8,M1,R4,True,1000000.0,1000000.0,3,False,0.0
80,800.0,0.0,8,R1,S1,True,1000000.0,500000.0,2,False,0.0
80,800.0,0.0,8,R1,S2,True,1000000.0,500000.0,3,False,0.0
80,800.0,0.0,8,R2,S3,True,1000000.0,500000.0,1,False,0.0
80,800.0,0.0,8,R2,S4,False,0.0,500000.0,4,True,1.0
80,800.0,0.0,8,R3,A1,True,1000000.0,500000.0,2,False,0.0
80,800.0,0.0,8,R3,A2,True,1000000.0,500000.0,3,False,0.0
80,800.0,0.0,8,R4,A3,True,1000000.0,500000.0,1,False,0.0
80,800.0,0.0,8,R4,A4,False,0.0,500000.0,4,True,1.0
81,810.0,0.0,8,M1,R1,True,1000000.0,1000000.0,1,False,0.0
81,810.0,0.0,8,M1,R2,True,1000000.0,1000000.0,2,False,0.0
81,810.0,0.0,8,M1,R3,False,0.0,1000000.0,4,True,1.0
81,810.0,0.0,8,M1,R4,True,1000000.0,1000000.0,3,False,0.0
81,810.0,0.0,8,R1,S1,True,1000000.0,500000.0,2,False,0.0
81,810.0,0.0,8,R1,S2,True,1000000.0,500000.0,3,False,0.0
81,810.0,0.0,8,R2,S3,True,1000000.0,500000.0,1,False,0.0
81,810.0,0.0,8,R2,S4,False,0.0,500000.0,4,True,1.0
81,810.0,0.0,8,R3,A1,True,1000000.0,500000.0,2,False,0.0
81,810.0,0.0,8,R3,A2,True,1000000.0,500000.0,3,False,0.0
81,810.0,0.0,8,R4,A3,True,1000000.0,500000.0,1,False,0.0
81,810.0,0.0,8,R4,A4,False,0.0,500000.0,4,True,1.0
82,820.0,0.0,8,M1,R1,True,1000000.0,1000000.0,1,False,0.0
82,820.0,0.0,8,M1,R2,True,1000000.0,1000000.0,2,False,0.0
82,820.0,0.0,8,M1,R3,False,0.0,1000000.0,4,True,1.0
82,820.0,0.0,8,M1,R4,True,1000000.0,1000000.0,3,False,0.0
82,820.0,0.0,8,R1,S1,True,1000000.0,500000.0,2,False,0.0
82,820.0,0.0,8,R1,S2,True,1000000.0,500000.0,3,False,0.0
82,820.0,0.0,8,R2,S3,True,1000000.0,500000.0,1,False,0.0
82,820.0,0.0,8,R2,S4,False,0.0,500000.0,4,True,1.0
82,820.0,0.0,8,R3,A1,True,1000000.0,500000.0,2,False,0.0
82,820.0,0.0,8,R3,A2,True,1000000.0,500000.0,3,False,0.0
82,820.0,0.0,8,R4,A3,True,1000000.0,500000.0,1,False,0.0
82,820.0,0.0,8,R4,A4,False,0.0,500000.0,4,True,1.0
83,830.0,0.0,8,M1,R1,True,1000000.0,1000000.0,1,False,0.0
83,830.0,0.0,8,M1,R2,True,1000000.0,1000000.0,2,False,0.0
83,830.0,0.0,8,M1,R3,False,0.0,1000000.0,4,True,1.0
83,830.0,0.0,8,M1,R4,True,1000000.0,1000000.0,3,False,0.0
83,830.0,0.0,8,R1,S1,True,1000000.0,500000.0,2,False,0.0
83,830.0,0.0,8,R1,S2,True,1000000.0,500000.0,3,False,0.0
83,830.0,0.0,8,R2,S3,True,1000000.0,500000.0,1,False,0.0
83,830.0,0.0,8,R2,S4,False,0.0,500000.0,4,True,1.0
83,830.0,0.0,8,R3,A1,True,1000000.0,500000.0,2,False,0.0
83,830.0,0.0,8,R3,A2,True,1000000.0,500000.0,3,False,0.0
83,830.0,0.0,8,R4,A3,True,1000000.0,500000.0,1,False,0.0
83,830.0,0.0,8,R4,A4,False,0.0,500000.0,4,True,1.0
84,840.0,0.0,8,M1,R1,True,1000000.0,1000000.0,1,False,0.0
84,840.0,0.0,8,M1,R2,True,1000000.0,1000000.0,2,False,0.0
84,840.0,0.0,8,M1,R3,False,0.0,1000000.0,4,True,1.0
84,840.0,0.0,8,M1,R4,True,1000000.0,1000000.0,3,False,0.0
84,840.0,0.0,8,R1,S1,True,1000000.0,500000.0,2,False,0.0
84,840.0,0.0,8,R1,S2,True,1000000.0,500000.0,3,False,0.0
84,840.0,0.0,8,R2,S3,True,1000000.0,500000.0,1,False,0.0
84,840.0,0.0,8,R2,S4,False,0.0,500000.0,4,True,1.0
84,840.0,0.0,8,R3,A1,True,1000000.0,500000.0,2,False,0.0
84,840.0,0.0,8,R3,A2,True,1000000.0,500000.0,3,False,0.0
84,840.0,0.0,8,R4,A3,True,1000000.0,500000.0,1,False,0.0
84,840.0,0.0,8,R4,A4,False,0.0,500000.0,4,True,1.0
85,850.0,0.0,8,M1,R1,True,1000000.0,1000000.0,1,False,0.0
85,850.0,0.0,8,M1,R2,True,1000000.0,1000000.0,2,False,0.0
85,850.0,0.0,8,M1,R3,False,0.0,1000000.0,4,True,1.0
85,850.0,0.0,8,M1,R4,True,1000000.0,1000000.0,3,False,0.0
85,850.0,0.0,8,R1,S1,True,1000000.0,500000.0,2,False,0.0
85,850.0,0.0,8,R1,S2,True,1000000.0,500000.0,3,False,0.0
85,850.0,0.0,8,R2,S3,True,1000000.0,500000.0,1,False,0.0
85,850.0,0.0,8,R2,S4,False,0.0,500000.0,4,True,1.0
85,850.0,0.0,8,R3,A1,True,1000000.0,500000.0,2,False,0.0
85,850.0,0.0,8,R3,A2,True,1000000.0,500000.0,3,False,0.0
85,850.0,0.0,8,R4,A3,True,1000000.0,500000.0,1,False,0.0
85,850.0,0.0,8,R4,A4,False,0.0,500000.0,4,True,1.0
86,860.0,0.0,8,M1,R1,True,1000000.0,1000000.0,1,False,0.0
86,860.0,0.0,8,M1,R2,True,1000000.0,1000000.0,2,False,0.0
86,860.0,0.0,8,M1,R3,False,0.0,1000000.0,4,True,1.0
86,860.0,0.0,8,M1,R4,True,1000000.0,1000000.0,3,False,0.0
86,860.0,0.0,8,R1,S1,True,1000000.0,500000.0,2,False,0.0
86,860.0,0.0,8,R1,S2,True,1000000.0,500000.0,3,False,0.0
86,860.0,0.0,8,R2,S3,True,1000000.0,500000.0,1,False,0.0
86,860.0,0.0,8,R2,S4,False,0.0,500000.0,4,True,1.0
86,860.0,0.0,8,R3,A1,True,1000000.0,500000.0,2,False,0.0
86,860.0,0.0,8,R3,A2,True,1000000.0,500000.0,3,False,0.0
86,860.0,0.0,8,R4,A3,True,1000000.0,500000.0,1,False,0.0
86,860.0,0.0,8,R4,A4,False,0.0,500000.0,4,True,1.0
87,870.0,0.0,8,M1,R1,True,1000000.0,1000000.0,1,False,0.0
87,870.0,0.0,8,M1,R2,True,1000000.0,1000000.0,2,False,0.0
87,870.0,0.0,8,M1,R3,False,0.0,1000000.0,4,True,1.0
87,870.0,0.0,8,M1,R4,True,1000000.0,1000000.0,3,False,0.0
87,870.0,0.0,8,R1,S1,True,1000000.0,500000.0,2,False,0.0
87,870.0,0.0,8,R1,S2,True,1000000.0,500000.0,3,False,0.0
87,870.0,0.0,8,R2,S3,True,1000000.0,500000.0,1,False,0.0
87,870.0,0.0,8,R2,S4,False,0.0,500000.0,4,True,1.0
87,870.0,0.0,8,R3,A1,True,1000000.0,500000.0,2,False,0.0
87,870.0,0.0,8,R3,A2,True,1000000.0,500000.0,3,False,0.0
87,870.0,0.0,8,R4,A3,True,1000000.0,500000.0,1,False,0.0
87,870.0,0.0,8,R4,A4,False,0.0,500000.0,4,True,1.0
88,880.0,0.0,8,M1,R1,True,1000000.0,1000000.0,1,False,0.0
88,880.0,0.0,8,M1,R2,True,1000000.0,1000000.0,2,False,0.0
88,880.0,0.0,8,M1,R3,False,0.0,1000000.0,4,True,1.0
88,880.0,0.0,8,M1,R4,True,1000000.0,1000000.0,3,False,0.0
88,880.0,0.0,8,R1,S1,True,1000000.0,500000.0,2,False,0.0
88,880.0,0.0,8,R1,S2,True,1000000.0,500000.0,3,False,0.0
88,880.0,0.0,8,R2,S3,True,1000000.0,500000.0,1,False,0.0
88,880.0,0.0,8,R2,S4,False,0.0,500000.0,4,True,1.0
88,880.0,0.0,8,R3,A1,True,1000000.0,500000.0,2,False,0.0
88,880.0,0.0,8,R3,A2,True,1000000.0,500000.0,3,False,0.0
88,880.0,0.0,8,R4,A3,True,1000000.0,500000.0,1,False,0.0
88,880.0,0.0,8,R4,A4,False,0.0,500000.0,4,True,1.0
89,890.0,0.0,8,M1,R1,True,1000000.0,1000000.0,1,False,0.0
89,890.0,0.0,8,M1,R2,True,1000000.0,1000000.0,2,False,0.0
89,890.0,0.0,8,M1,R3,False,0.0,1000000.0,4,True,1.0
89,890.0,0.0,8,M1,R4,True,1000000.0,1000000.0,3,False,0.0
89,890.0,0.0,8,R1,S1,True,1000000.0,500000.0,2,False,0.0
89,890.0,0.0,8,R1,S2,True,1000000.0,500000.0,3,False,0.0
89,890.0,0.0,8,R2,S3,True,1000000.0,500000.0,1,False,0.0
89,890.0,0.0,8,R2,S4,False,0.0,500000.0,4,True,1.0
89,890.0,0.0,8,R3,A1,True,1000000.0,500000.0,2,False,0.0
89,890.0,0.0,8,R3,A2,True,1000000.0,500000.0,3,False,0.0
89,890.0,0.0,8,R4,A3,True,1000000.0,500000.0,1,False,0.0
89,890.0,0.0,8,R4,A4,False,0.0,500000.0,4,True,1.0
90,900.0,0.0,8,M1,R1,True,1000000.0,1000000.0,1,False,0.0
90,900.0,0.0,8,M1,R2,True,1000000.0,1000000.0,2,False,0.0
90,900.0,0.0,8,M1,R3,False,0.0,1000000.0,4,True,1.0
90,900.0,0.0,8,M1,R4,True,1000000.0,1000000.0,3,False,0.0
90,900.0,0.0,8,R1,S1,True,1000000.0,500000.0,2,False,0.0
90,900.0,0.0,8,R1,S2,True,1000000.0,500000.0,3,False,0.0
90,900.0,0.0,8,R2,S3,True,1000000.0,500000.0,1,False,0.0
90,900.0,0.0,8,R2,S4,False,0.0,500000.0,4,True,1.0
90,900.0,0.0,8,R3,A1,True,1000000.0,500000.0,2,False,0.0
90,900.0,0.0,8,R3,A2,True,1000000.0,500000.0,3,False,0.0
90,900.0,0.0,8,R4,A3,True,1000000.0,500000.0,1,False,0.0
90,900.0,0.0,8,R4,A4,False,0.0,500000.0,4,True,1.0
91,910.0,0.0,8,M1,R1,True,1000000.0,1000000.0,1,False,0.0
91,910.0,0.0,8,M1,R2,True,1000000.0,1000000.0,2,False,0.0
91,910.0,0.0,8,M1,R3,False,0.0,1000000.0,4,True,1.0
91,910.0,0.0,8,M1,R4,True,1000000.0,1000000.0,3,False,0.0
91,910.0,0.0,8,R1,S1,True,1000000.0,500000.0,2,False,0.0
91,910.0,0.0,8,R1,S2,True,1000000.0,500000.0,3,False,0.0
91,910.0,0.0,8,R2,S3,True,1000000.0,500000.0,1,False,0.0
91,910.0,0.0,8,R2,S4,False,0.0,500000.0,4,True,1.0
91,910.0,0.0,8,R3,A1,True,1000000.0,500000.0,2,False,0.0
91,910.0,0.0,8,R3,A2,True,1000000.0,500000.0,3,False,0.0
91,910.0,0.0,8,R4,A3,True,1000000.0,500000.0,1,False,0.0
91,910.0,0.0,8,R4,A4,False,0.0,500000.0,4,True,1.0
92,920.0,0.0,8,M1,R1,True,1000000.0,1000000.0,1,False,0.0
92,920.0,0.0,8,M1,R2,True,1000000.0,1000000.0,2,False,0.0
92,920.0,0.0,8,M1,R3,False,0.0,1000000.0,4,True,1.0
92,920.0,0.0,8,M1,R4,True,1000000.0,1000000.0,3,False,0.0
92,920.0,0.0,8,R1,S1,True,1000000.0,500000.0,2,False,0.0
92,920.0,0.0,8,R1,S2,True,1000000.0,500000.0,3,False,0.0
92,920.0,0.0,8,R2,S3,True,1000000.0,500000.0,1,False,0.0
92,920.0,0.0,8,R2,S4,False,0.0,500000.0,4,True,1.0
92,920.0,0.0,8,R3,A1,True,1000000.0,500000.0,2,False,0.0
92,920.0,0.0,8,R3,A2,True,1000000.0,500000.0,3,False,0.0
92,920.0,0.0,8,R4,A3,True,1000000.0,500000.0,1,False,0.0
92,920.0,0.0,8,R4,A4,False,0.0,500000.0,4,True,1.0
93,930.0,0.0,8,M1,R1,True,1000000.0,1000000.0,1,False,0.0
93,930.0,0.0,8,M1,R2,True,1000000.0,1000000.0,2,False,0.0
93,930.0,0.0,8,M1,R3,False,0.0,1000000.0,4,True,1.0
93,930.0,0.0,8,M1,R4,True,1000000.0,1000000.0,3,False,0.0
93,930.0,0.0,8,R1,S1,True,1000000.0,500000.0,2,False,0.0
93,930.0,0.0,8,R1,S2,True,1000000.0,500000.0,3,False,0.0
93,930.0,0.0,8,R2,S3,True,1000000.0,500000.0,1,False,0.0
93,930.0,0.0,8,R2,S4,False,0.0,500000.0,4,True,1.0
93,930.0,0.0,8,R3,A1,True,1000000.0,500000.0,2,False,0.0
93,930.0,0.0,8,R3,A2,True,1000000.0,500000.0,3,False,0.0
93,930.0,0.0,8,R4,A3,True,1000000.0,500000.0,1,False,0.0
93,930.0,0.0,8,R4,A4,False,0.0,500000.0,4,True,1.0
94,940.0,0.0,8,M1,R1,True,1000000.0,1000000.0,1,False,0.0
94,940.0,0.0,8,M1,R2,True,1000000.0,1000000.0,2,False,0.0
94,940.0,0.0,8,M1,R3,False,0.0,1000000.0,4,True,1.0
94,940.0,0.0,8,M1,R4,True,1000000.0,1000000.0,3,False,0.0
94,940.0,0.0,8,R1,S1,True,1000000.0,500000.0,2,False,0.0
94,940.0,0.0,8,R1,S2,True,1000000.0,500000.0,3,False,0.0
94,940.0,0.0,8,R2,S3,True,1000000.0,500000.0,1,False,0.0
94,940.0,0.0,8,R2,S4,False,0.0,500000.0,4,True,1.0
94,940.0,0.0,8,R3,A1,True,1000000.0,500000.0,2,False,0.0
94,940.0,0.0,8,R3,A2,True,1000000.0,500000.0,3,False,0.0
94,940.0,0.0,8,R4,A3,True,1000000.0,500000.0,1,False,0.0
94,940.0,0.0,8,R4,A4,False,0.0,500000.0,4,True,1.0
95,950.0,0.0,8,M1,R1,True,1000000.0,1000000.0,1,False,0.0
95,950.0,0.0,8,M1,R2,True,1000000.0,1000000.0,2,False,0.0
95,950.0,0.0,8,M1,R3,False,0.0,1000000.0,4,True,1.0
95,950.0,0.0,8,M1,R4,True,1000000.0,1000000.0,3,False,0.0
95,950.0,0.0,8,R1,S1,True,1000000.0,500000.0,2,False,0.0
95,950.0,0.0,8,R1,S2,True,1000000.0,500000.0,3,False,0.0
95,950.0,0.0,8,R2,S3,True,1000000.0,500000.0,1,False,0.0
95,950.0,0.0,8,R2,S4,False,0.0,500000.0,4,True,1.0
95,950.0,0.0,8,R3,A1,True,1000000.0,500000.0,2,False,0.0
95,950.0,0.0,8,R3,A2,True,1000000.0,500000.0,3,False,0.0
95,950.0,0.0,8,R4,A3,True,1000000.0,500000.0,1,False,0.0
95,950.0,0.0,8,R4,A4,False,0.0,500000.0,4,True,1.0
96,960.0,0.0,8,M1,R1,True,1000000.0,1000000.0,1,False,0.0
96,960.0,0.0,8,M1,R2,True,1000000.0,1000000.0,2,False,0.0
96,960.0,0.0,8,M1,R3,False,0.0,1000000.0,4,True,1.0
96,960.0,0.0,8,M1,R4,True,1000000.0,1000000.0,3,False,0.0
96,960.0,0.0,8,R1,S1,True,1000000.0,500000.0,2,False,0.0
96,960.0,0.0,8,R1,S2,True,1000000.0,500000.0,3,False,0.0
96,960.0,0.0,8,R2,S3,True,1000000.0,500000.0,1,False,0.0
96,960.0,0.0,8,R2,S4,False,0.0,500000.0,4,True,1.0
96,960.0,0.0,8,R3,A1,True,1000000.0,500000.0,2,False,0.0
96,960.0,0.0,8,R3,A2,True,1000000.0,500000.0,3,False,0.0
96,960.0,0.0,8,R4,A3,True,1000000.0,500000.0,1,False,0.0
96,960.0,0.0,8,R4,A4,False,0.0,500000.0,4,True,1.0
97,970.0,0.0,8,M1,R1,True,1000000.0,1000000.0,1,False,0.0
97,970.0,0.0,8,M1,R2,True,1000000.0,1000000.0,2,False,0.0
97,970.0,0.0,8,M1,R3,False,0.0,1000000.0,4,True,1.0
97,970.0,0.0,8,M1,R4,True,1000000.0,1000000.0,3,False,0.0
97,970.0,0.0,8,R1,S1,True,1000000.0,500000.0,2,False,0.0
97,970.0,0.0,8,R1,S2,True,1000000.0,500000.0,3,False,0.0
97,970.0,0.0,8,R2,S3,True,1000000.0,500000.0,1,False,0.0
97,970.0,0.0,8,R2,S4,False,0.0,500000.0,4,True,1.0
97,970.0,0.0,8,R3,A1,True,1000000.0,500000.0,2,False,0.0
97,970.0,0.0,8,R3,A2,True,1000000.0,500000.0,3,False,0.0
97,970.0,0.0,8,R4,A3,True,1000000.0,500000.0,1,False,0.0
97,970.0,0.0,8,R4,A4,False,0.0,500000.0,4,True,1.0
98,980.0,0.0,8,M1,R1,True,1000000.0,1000000.0,1,False,0.0
98,980.0,0.0,8,M1,R2,True,1000000.0,1000000.0,2,False,0.0
98,980.0,0.0,8,M1,R3,False,0.0,1000000.0,4,True,1.0
98,980.0,0.0,8,M1,R4,True,1000000.0,1000000.0,3,False,0.0
98,980.0,0.0,8,R1,S1,True,1000000.0,500000.0,2,False,0.0
98,980.0,0.0,8,R1,S2,True,1000000.0,500000.0,3,False,0.0
98,980.0,0.0,8,R2,S3,True,1000000.0,500000.0,1,False,0.0
98,980.0,0.0,8,R2,S4,False,0.0,500000.0,4,True,1.0
98,980.0,0.0,8,R3,A1,True,1000000.0,500000.0,2,False,0.0
98,980.0,0.0,8,R3,A2,True,1000000.0,500000.0,3,False,0.0
98,980.0,0.0,8,R4,A3,True,1000000.0,500000.0,1,False,0.0
98,980.0,0.0,8,R4,A4,False,0.0,500000.0,4,True,1.0
99,990.0,0.0,8,M1,R1,True,1000000.0,1000000.0,1,False,0.0
99,990.0,0.0,8,M1,R2,True,1000000.0,1000000.0,2,False,0.0
99,990.0,0.0,8,M1,R3,False,0.0,1000000.0,4,True,1.0
99,990.0,0.0,8,M1,R4,True,1000000.0,1000000.0,3,False,0.0
99,990.0,0.0,8,R1,S1,True,1000000.0,500000.0,2,False,0.0
99,990.0,0.0,8,R1,S2,True,1000000.0,500000.0,3,False,0.0
99,990.0,0.0,8,R2,S3,True,1000000.0,500000.0,1,False,0.0
99,990.0,0.0,8,R2,S4,False,0.0,500000.0,4,True,1.0
99,990.0,0.0,8,R3,A1,True,1000000.0,500000.0,2,False,0.0
99,990.0,0.0,8,R3,A2,True,1000000.0,500000.0,3,False,0.0
99,990.0,0.0,8,R4,A3,True,1000000.0,500000.0,1,False,0.0
99,990.0,0.0,8,R4,A4,False,0.0,500000.0,4,True,1.0
100,1000.0,0.0,8,M1,R1,True,1000000.0,1000000.0,1,False,0.0
100,1000.0,0.0,8,M1,R2,True,1000000.0,1000000.0,2,False,0.0
100,1000.0,0.0,8,M1,R3,False,0.0,1000000.0,4,True,1.0
100,1000.0,0.0,8,M1,R4,True,1000000.0,1000000.0,3,False,0.0
100,1000.0,0.0,8,R1,S1,True,1000000.0,500000.0,2,False,0.0
100,1000.0,0.0,8,R1,S2,True,1000000.0,500000.0,3,False,0.0
100,1000.0,0.0,8,R2,S3,True,1000000.0,500000.0,1,False,0.0
100,1000.0,0.0,8,R2,S4,False,0.0,500000.0,4,True,1.0
100,1000.0,0.0,8,R3,A1,True,1000000.0,500000.0,2,False,0.0
100,1000.0,0.0,8,R3,A2,True,1000000.0,500000.0,3,False,0.0
100,1000.0,0.0,8,R4,A3,True,1000000.0,500000.0,1,False,0.0
100,1000.0,0.0,8,R4,A4,False,0.0,500000.0,4,True,1.0
